,timestamp,open,high,low,close,volume
0,2019-09-23,0.45,0.48,0.4248,0.43,7322
1,2019-09-20,0.4529,0.48,0.45,0.48,64128
2,2019-09-19,0.5,0.5,0.43,0.47,86300
3,2019-09-18,0.47,0.5,0.46,0.46,82100
4,2019-09-17,0.49,0.49,0.47,0.49,59100
5,2019-09-16,0.49,0.5,0.46,0.49,109300
6,2019-09-13,0.51,0.51,0.46,0.48,114600
7,2019-09-12,0.5,0.51,0.47,0.5,128300
8,2019-09-11,0.48,0.5,0.45,0.5,113600
9,2019-09-10,0.46,0.49,0.45,0.48,208900
10,2019-09-09,0.44,0.47,0.44,0.46,189000
11,2019-09-06,0.5,0.5,0.43,0.48,252000
12,2019-09-05,0.54,0.54,0.43,0.51,860700
13,2019-09-04,0.57,0.58,0.52,0.53,456300
14,2019-09-03,0.52,0.65,0.5,0.59,2283600
15,2019-08-30,0.4,0.8,0.4,0.5,8503200
16,2019-08-29,0.45,0.45,0.35,0.39,116900
17,2019-08-28,0.47,0.47,0.43,0.45,32700
18,2019-08-27,0.53,0.53,0.42,0.47,60200
19,2019-08-26,0.56,0.6,0.53,0.54,71500
20,2019-08-23,0.59,0.6,0.53,0.58,37400
21,2019-08-22,0.56,0.65,0.56,0.6,84700
22,2019-08-21,0.56,0.59,0.52,0.59,515600
23,2019-08-20,0.51,0.59,0.51,0.53,1179700
24,2019-08-19,0.53,0.55,0.5,0.54,268500
25,2019-08-16,0.46,0.55,0.46,0.52,554800
26,2019-08-15,0.45,0.5,0.39,0.45,70100
27,2019-08-14,0.52,0.57,0.48,0.481,96300
28,2019-08-13,0.52,0.6,0.52,0.55,83300
29,2019-08-12,0.6,0.65,0.55,0.58,96200
30,2019-08-09,0.54,0.57,0.52,0.52,29900
31,2019-08-08,0.57,0.57,0.52,0.555,25300
32,2019-08-07,0.53,0.558,0.496,0.551,8500
33,2019-08-06,0.54,0.57,0.49,0.53,28400
34,2019-08-05,0.61,0.61,0.49,0.55,29000
35,2019-08-02,0.6,0.61,0.52,0.59,64000
36,2019-08-01,0.49,0.6,0.49,0.57,229300
37,2019-07-31,0.48,0.5,0.45,0.48,81800
38,2019-07-30,0.52,0.55,0.45,0.47,151600
39,2019-07-29,0.48,0.61,0.42,0.46,241100
40,2019-07-26,0.48,0.49,0.45,0.46,171700
41,2019-07-25,0.5,0.5,0.45,0.47,61100
42,2019-07-24,0.46,0.48,0.44,0.48,37000
43,2019-07-23,0.48,0.48,0.46,0.46,36000
44,2019-07-22,0.48,0.52,0.46,0.47,66100
45,2019-07-19,0.49,0.51,0.45,0.48,20800
46,2019-07-18,0.51,0.54,0.5,0.52,72100
47,2019-07-17,0.52,0.53,0.51,0.52,15600
48,2019-07-16,0.52,0.56,0.51,0.52,84200
49,2019-07-15,0.53,0.56,0.52,0.53,140100
50,2019-07-12,0.5,0.56,0.5,0.52,131600
51,2019-07-11,0.53,0.56,0.5,0.54,138800
52,2019-07-10,0.6,0.63,0.49,0.53,210500
53,2019-07-09,0.63,0.63,0.57,0.6,109300
54,2019-07-08,0.66,0.66,0.63,0.63,26200
55,2019-07-05,0.65,0.67,0.562,0.66,67900
56,2019-07-03,0.668,0.697,0.65,0.65,11100
57,2019-07-02,0.662,0.694,0.64,0.673,52300
58,2019-07-01,0.715,0.715,0.662,0.662,4400
59,2019-06-28,0.7,0.77,0.65,0.65,35400
60,2019-06-27,0.71,0.77,0.66,0.68,37500
61,2019-06-26,0.683,0.72,0.68,0.68,9100
62,2019-06-25,0.68,0.75,0.67,0.68,62400
63,2019-06-24,0.7,0.701,0.68,0.68,23300
64,2019-06-21,0.74,0.745,0.7,0.701,31000
65,2019-06-20,0.75,0.779,0.652,0.735,88600
66,2019-06-19,0.652,0.74,0.552,0.712,252800
67,2019-06-18,0.678,0.678,0.63,0.65,61900
68,2019-06-17,0.69,0.69,0.56,0.648,97200
69,2019-06-14,0.714,0.748,0.656,0.68,142000
70,2019-06-13,0.75,0.8,0.714,0.714,148000
71,2019-06-12,0.83,0.83,0.77,0.798,98300
72,2019-06-11,0.87,0.87,0.81,0.848,79300
73,2019-06-10,0.82,0.85,0.8,0.84,53700
74,2019-06-07,0.83,0.848,0.82,0.82,31600
75,2019-06-06,0.8701,0.93,0.81,0.83,77800
76,2019-06-05,0.87,0.91,0.86,0.88,122900
77,2019-06-04,0.852,0.916,0.85,0.871,36500
78,2019-06-03,0.926,0.93,0.802,0.82,59700
79,2019-05-31,0.93,1.0,0.92,0.92,22000
80,2019-05-30,0.945,1.04,0.918,0.981,22900
81,2019-05-29,1.01,1.02,0.8,0.97,348200
82,2019-05-28,1.05,1.08,1.02,1.02,47800
83,2019-05-24,1.1,1.1,1.01,1.02,56600
84,2019-05-23,1.04,1.1,1.014,1.1,74200
85,2019-05-22,1.15,1.15,1.01,1.04,155200
86,2019-05-21,1.12,1.14,1.01,1.14,105900
87,2019-05-20,1.29,1.29,0.95,1.09,483500
88,2019-05-17,1.31,1.31,1.25,1.27,29900
89,2019-05-16,1.338,1.338,1.25,1.31,29400
90,2019-05-15,1.34,1.34,1.25,1.31,34500
91,2019-05-14,1.37,1.374,1.3,1.33,17500
92,2019-05-13,1.41,1.41,1.28,1.35,141100
93,2019-05-10,1.44,1.45,1.367,1.45,38100
94,2019-05-09,1.33,1.53,1.2299,1.43,137400
95,2019-05-08,1.34,1.36,1.31,1.36,12300
96,2019-05-07,1.33,1.36,1.29,1.36,68100
97,2019-05-06,1.35,1.4,1.3,1.33,48500
98,2019-05-03,1.37,1.42,1.31,1.36,132300
99,2019-05-02,1.37,1.42,1.3061,1.34,204400
100,2019-05-01,1.48,1.54,1.45,1.46,32500
101,2019-04-30,1.5,1.51,1.46,1.48,35000
102,2019-04-29,1.46,1.516,1.46,1.49,29300
103,2019-04-26,1.54,1.54,1.42,1.47,336000
104,2019-04-25,1.57,1.57,1.51,1.55,26800
105,2019-04-24,1.64,1.729,1.5,1.57,61500
106,2019-04-23,1.79,1.79,1.56,1.64,94000
107,2019-04-22,1.75,1.96,1.75,1.8,220100
108,2019-04-18,1.5,1.7501,1.49,1.75,163900
109,2019-04-17,1.5,1.58,1.48,1.52,72200
110,2019-04-16,1.45,1.515,1.42,1.48,94300
111,2019-04-15,1.45,1.538,1.425,1.44,51000
112,2019-04-12,1.51,1.51,1.43,1.45,88200
113,2019-04-11,1.48,1.55,1.44,1.51,65600
114,2019-04-10,1.48,1.48,1.42,1.43,64900
115,2019-04-09,1.57,1.58,1.47,1.47,104200
116,2019-04-08,1.59,1.668,1.57,1.57,51100
117,2019-04-05,1.75,1.7802,1.57,1.59,223700
118,2019-04-04,1.7,1.89,1.7,1.77,217400
119,2019-04-03,1.64,1.71,1.5999,1.69,113500
120,2019-04-02,1.4201,1.63,1.42,1.57,116500
121,2019-04-01,1.43,1.47,1.35,1.43,89600
122,2019-03-29,1.42,1.476,1.4,1.4,68900
123,2019-03-28,1.42,1.44,1.407,1.42,67400
124,2019-03-27,1.47,1.48,1.4,1.42,95100
125,2019-03-26,1.54,1.54,1.47,1.48,45700
126,2019-03-25,1.63,1.63,1.4199,1.48,442200
127,2019-03-22,1.72,1.78,1.6,1.635,112200
128,2019-03-21,1.73,1.82,1.72,1.72,53500
129,2019-03-20,1.82,1.82,1.69,1.73,47600
130,2019-03-19,1.8999,1.9,1.75,1.82,77800
131,2019-03-18,1.85,1.9,1.8501,1.9,66300
132,2019-03-15,1.95,2.04,1.83,1.85,155400
133,2019-03-14,1.82,1.98,1.809,1.95,204300
134,2019-03-13,1.87,1.87,1.73,1.84,182200
135,2019-03-12,1.7,1.87,1.7,1.85,88300
136,2019-03-11,1.65,1.74,1.65,1.69,70600
137,2019-03-08,1.77,1.88,1.53,1.63,299600
138,2019-03-07,1.92,1.92,1.62,1.77,252500
139,2019-03-06,2.08,2.08,1.86,1.907,207100
140,2019-03-05,2.35,2.35,2.0601,2.09,180600
141,2019-03-04,2.5,2.525,2.25,2.37,137200
142,2019-03-01,2.55,2.6,2.47,2.51,50800
143,2019-02-28,2.52,2.57,2.482,2.57,36600
144,2019-02-27,2.57,2.61,2.4102,2.54,92800
145,2019-02-26,2.55,2.59,2.45,2.56,87700
146,2019-02-25,2.5601,2.677,2.44,2.55,132300
147,2019-02-22,2.54,2.65,2.494,2.52,123100
148,2019-02-21,2.5,2.66,2.48,2.51,179900
149,2019-02-20,2.23,2.56,2.23,2.48,273500
150,2019-02-19,2.4,2.425,2.23,2.4,210900
151,2019-02-15,2.324,2.42,2.29,2.39,40500
152,2019-02-14,2.3399,2.4,2.29,2.36,122100
153,2019-02-13,2.37,2.42,2.26,2.35,127900
154,2019-02-12,2.4,2.45,2.3,2.38,175100
155,2019-02-11,2.21,2.387,2.141,2.36,97100
156,2019-02-08,2.07,2.29,2.07,2.21,178400
157,2019-02-07,2.01,2.24,1.94,2.09,223900
158,2019-02-06,1.57,2.17,1.57,2.06,783500
159,2019-02-05,1.4,1.63,1.4,1.57,82000
160,2019-02-04,1.39,1.4,1.38,1.395,7700
161,2019-02-01,1.38,1.41,1.36,1.39,20200
162,2019-01-31,1.36,1.396,1.36,1.375,24300
163,2019-01-30,1.42,1.43,1.31,1.34,50800
164,2019-01-29,1.46,1.528,1.42,1.45,13300
165,2019-01-28,1.41,1.51,1.35,1.45,24900
166,2019-01-25,1.38,1.44,1.38,1.4,65300
167,2019-01-24,1.42,1.42,1.36,1.36,12800
168,2019-01-23,1.42,1.43,1.35,1.43,29600
169,2019-01-22,1.41,1.44,1.41,1.42,4600
170,2019-01-18,1.48,1.53,1.4,1.405,23600
171,2019-01-17,1.48,1.5,1.433,1.45,21200
172,2019-01-16,1.4,1.53,1.4,1.47,24300
173,2019-01-15,1.47,1.48,1.35,1.35,34500
174,2019-01-14,1.51,1.595,1.45,1.46,45400
175,2019-01-11,1.568,1.586,1.48,1.5,62300
176,2019-01-10,1.66,1.66,1.54,1.57,62300
177,2019-01-09,1.67,1.712,1.6101,1.67,32400
178,2019-01-08,1.63,1.78,1.63,1.65,29100
179,2019-01-07,1.51,1.66,1.51,1.62,36000
180,2019-01-04,1.51,1.63,1.45,1.49,43500
181,2019-01-03,1.6,1.5999,1.48,1.48,36800
182,2019-01-02,1.4,1.64,1.4,1.64,40000
183,2018-12-31,1.39,1.43,1.37,1.37,38800
184,2018-12-28,1.41,1.42,1.35,1.38,43200
185,2018-12-27,1.39,1.43,1.35,1.39,30900
186,2018-12-26,1.36,1.44,1.33,1.39,114600
187,2018-12-24,1.35,1.36,1.295,1.36,133500
188,2018-12-21,1.43,1.43,1.31,1.35,42900
189,2018-12-20,1.46,1.46,1.35,1.43,224600
190,2018-12-19,1.5299,1.62,1.41,1.41,90100
191,2018-12-18,1.45,1.63,1.345,1.56,1234000
192,2018-12-17,1.55,1.58,1.36,1.4,201700
193,2018-12-14,1.55,1.6199,1.51,1.57,94000
194,2018-12-13,1.72,1.72,1.58,1.6,51800
195,2018-12-12,1.7199,1.78,1.62,1.7,190200
196,2018-12-11,1.7,1.765,1.69,1.7,23700
197,2018-12-10,1.7,1.785,1.65,1.69,152800
198,2018-12-07,1.8,1.83,1.65,1.72,38600
199,2018-12-06,1.8402,1.84,1.67,1.75,131500
200,2018-12-04,1.91,1.91,1.82,1.85,72600
201,2018-12-03,1.9,2.03,1.9,1.9,33100
202,2018-11-30,1.98,1.99,1.8899,1.89,90500
203,2018-11-29,1.9602,2.04,1.93,1.99,169700
204,2018-11-28,1.92,2.023,1.92,1.95,34000
205,2018-11-27,1.9,2.15,1.75,1.91,186100
206,2018-11-26,2.0,2.055,1.93,1.97,109600
207,2018-11-23,2.05,2.1,1.97,2.02,51600
208,2018-11-21,2.04,2.14,2.01,2.02,37600
209,2018-11-20,2.05,2.16,1.99,2.0,52200
210,2018-11-19,1.82,2.259,1.82,2.08,104300
211,2018-11-16,2.42,2.467,2.34,2.35,60100
212,2018-11-15,2.31,2.43,2.25,2.42,100700
213,2018-11-14,2.35,2.5,2.24,2.39,234500
214,2018-11-13,1.94,2.51,1.94,2.41,493200
215,2018-11-12,2.05,2.09,1.96,1.96,83300
216,2018-11-09,2.07,2.17,1.94,2.12,130000
217,2018-11-08,2.19,2.19,2.1,2.15,45400
218,2018-11-07,2.07,2.23,2.07,2.2,60400
219,2018-11-06,2.15,2.226,2.06,2.07,59200
220,2018-11-05,2.31,2.31,2.06,2.12,138000
221,2018-11-02,2.35,2.4,2.31,2.38,22300
222,2018-11-01,2.35,2.415,2.32,2.38,39400
223,2018-10-31,2.54,2.54,2.21,2.29,113400
224,2018-10-30,2.18,2.57,1.962,2.48,106300
225,2018-10-29,2.4899,2.49,2.28,2.36,177900
226,2018-10-26,2.55,2.57,2.45,2.54,60500
227,2018-10-25,2.53,2.62,2.43,2.58,90900
228,2018-10-24,2.63,2.681,2.54,2.57,79000
229,2018-10-23,2.75,2.75,2.43,2.65,226500
230,2018-10-22,3.13,3.13,2.745,2.79,186300
231,2018-10-19,3.1,3.23,2.95,3.13,134300
232,2018-10-18,3.16,3.2,3.03,3.1,130700
233,2018-10-17,3.25,3.25,3.029,3.18,147900
234,2018-10-16,3.1,3.2699,3.065,3.22,121100
235,2018-10-15,3.23,3.28,3.01,3.16,158500
236,2018-10-12,3.16,3.24,2.93,3.14,278200
237,2018-10-11,2.93,3.21,2.91,3.13,176200
238,2018-10-10,3.45,3.473,2.97,2.99,289700
239,2018-10-09,3.44,3.487,3.36,3.39,61300
240,2018-10-08,3.56,3.67,3.4002,3.45,187700
241,2018-10-05,3.33,3.5,3.23,3.43,96700
242,2018-10-04,3.42,3.47,3.27,3.34,70900
243,2018-10-03,3.42,3.5,3.25,3.43,74300
244,2018-10-02,3.52,3.7,3.325,3.43,129400
245,2018-10-01,3.36,3.59,3.29,3.47,119300
246,2018-09-28,3.47,3.51,3.35,3.37,125500
247,2018-09-27,3.49,3.494,3.26,3.47,221300
248,2018-09-26,3.3599,3.53,3.353,3.48,132400
249,2018-09-25,3.33,3.44,3.329,3.38,186900
250,2018-09-24,3.2,3.4499,3.16,3.24,165800
251,2018-09-21,3.15,3.2,2.98,3.14,181700
252,2018-09-20,3.2,3.25,3.0899,3.1,162600
253,2018-09-19,2.97,3.3,2.97,3.18,137500
254,2018-09-18,2.87,3.05,2.87,2.94,226300
255,2018-09-17,2.73,2.915,2.69,2.88,180400
256,2018-09-14,2.69,2.8,2.66,2.68,504800
257,2018-09-13,2.81,2.97,2.68,2.7,217900
258,2018-09-12,2.89,2.89,2.7,2.82,1066500
259,2018-09-11,2.88,2.999,2.56,2.91,76900
260,2018-09-10,2.91,3.08,2.8,2.86,135600
261,2018-09-07,2.77,2.95,2.77,2.9,31900
262,2018-09-06,2.81,2.85,2.75,2.77,46000
263,2018-09-05,2.79,2.833,2.79,2.81,34300
264,2018-09-04,2.78,2.82,2.75,2.775,40800
265,2018-08-31,2.76,2.817,2.75,2.77,53000
266,2018-08-30,2.59,2.8,2.59,2.75,58400
267,2018-08-29,2.65,2.67,2.53,2.59,44400
268,2018-08-28,2.73,2.81,2.66,2.66,28500
269,2018-08-27,2.67,2.819,2.65,2.74,78200
270,2018-08-24,2.54,2.71,2.54,2.63,43800
271,2018-08-23,2.5,2.573,2.41,2.52,83100
272,2018-08-22,2.42,2.517,2.4,2.5,12600
273,2018-08-21,2.49,2.587,2.35,2.41,63500
274,2018-08-20,2.4,2.55,2.359,2.48,95000
275,2018-08-17,2.35,2.574,2.35,2.4,76600
276,2018-08-16,2.44,2.44,2.32,2.35,23500
277,2018-08-15,2.4,2.45,2.225,2.45,71800
278,2018-08-14,2.4,2.476,2.311,2.4,21300
279,2018-08-13,2.36,2.43,2.31,2.43,51400
280,2018-08-10,2.42,2.46,2.31,2.41,25800
281,2018-08-09,2.54,2.54,2.4,2.41,20600
282,2018-08-08,2.47,2.55,2.422,2.55,66300
283,2018-08-07,2.41,2.48,2.3,2.37,34100
284,2018-08-06,2.5,2.537,2.418,2.42,27700
285,2018-08-03,2.36,2.746,2.36,2.55,94200
286,2018-08-02,2.42,2.75,2.42,2.52,338000
287,2018-08-01,2.3,2.39,2.16,2.28,64400
288,2018-07-31,2.26,2.35,2.25,2.3,34800
289,2018-07-30,2.32,2.46,2.24,2.25,34800
290,2018-07-27,2.35,2.5,2.191,2.28,54900
291,2018-07-26,2.45,2.47,2.32,2.345,22100
292,2018-07-25,2.51,2.51,2.341,2.42,22500
293,2018-07-24,2.56,2.63,2.46,2.5,32600
294,2018-07-23,2.52,2.64,2.47,2.57,7900
295,2018-07-20,2.56,2.645,2.18,2.5,30400
296,2018-07-19,2.56,2.6099,2.51,2.55,8200
297,2018-07-18,2.59,2.61,2.51,2.53,31900
298,2018-07-17,2.59,2.6,2.52,2.6,17400
299,2018-07-16,2.4,2.6,2.39,2.5,78000
300,2018-07-13,2.3,2.412,2.26,2.37,29200
301,2018-07-12,2.24,2.37,2.22,2.3,32900
302,2018-07-11,2.33,2.33,2.19,2.2,34200
303,2018-07-10,2.24,2.35,2.2,2.2,64400
304,2018-07-09,2.29,2.35,2.21,2.24,35600
305,2018-07-06,2.16,2.37,2.16,2.29,71300
306,2018-07-05,2.46,2.51,2.42,2.43,15100
307,2018-07-03,2.1999,2.489,2.2,2.38,53800
308,2018-07-02,2.3,2.32,2.2,2.21,78700
309,2018-06-29,2.43,2.43,2.27,2.32,143200
310,2018-06-28,2.56,2.613,2.381,2.44,67400
311,2018-06-27,2.58,2.6,2.53,2.54,21500
312,2018-06-26,2.65,2.65,2.56,2.57,27100
313,2018-06-25,2.74,2.74,2.64,2.66,26800
314,2018-06-22,2.75,2.75,2.66,2.71,24100
315,2018-06-21,2.8,2.8,2.654,2.77,11800
316,2018-06-20,2.77,2.83,2.551,2.82,27000
317,2018-06-19,2.85,2.9,2.66,2.77,27600
318,2018-06-18,2.88,2.9,2.83,2.9,9800
319,2018-06-15,2.88,2.95,2.83,2.88,19100
320,2018-06-14,2.93,2.97,2.8601,2.89,26200
321,2018-06-13,2.96,2.96,2.9101,2.94,11700
322,2018-06-12,2.93,3.02,2.9,2.96,16200
323,2018-06-11,2.87,2.99,2.85,2.94,27800
324,2018-06-08,2.89,2.93,2.855,2.87,16200
325,2018-06-07,2.95,2.95,2.85,2.88,15100
326,2018-06-06,2.97,3.0,2.88,2.96,30500
327,2018-06-05,2.96,3.03,2.935,2.97,13100
328,2018-06-04,2.99,3.049,2.88,2.97,19400
329,2018-06-01,2.92,2.99,2.89,2.98,35000
330,2018-05-31,2.8401,2.98,2.84,2.93,21400
331,2018-05-30,2.79,2.88,2.74,2.83,37600
332,2018-05-29,2.85,2.9,2.785,2.81,60900
333,2018-05-25,2.92,2.92,2.79,2.84,24600
334,2018-05-24,2.95,3.01,2.88,2.91,9500
335,2018-05-23,3.02,3.03,2.95,2.97,29400
336,2018-05-22,2.96,3.03,2.95,3.01,17600
337,2018-05-21,3.05,3.05,2.91,2.96,21800
338,2018-05-18,3.02,3.06,3.02,3.03,32600
339,2018-05-17,2.98,3.1,2.98,3.02,22700
340,2018-05-16,2.97,3.02,2.955,2.98,28300
341,2018-05-15,2.9,3.0,2.9,2.97,10600
342,2018-05-14,2.93,3.04,2.9,2.91,13800
343,2018-05-11,2.98,3.03,2.899,2.95,28600
344,2018-05-10,2.9599,3.07,2.87,2.97,52700
345,2018-05-09,2.8,2.9,2.8,2.9,35100
346,2018-05-08,2.61,2.8,2.55,2.8,54000
347,2018-05-07,2.73,2.73,2.53,2.59,109700
348,2018-05-04,2.8001,2.8,2.71,2.72,31100
349,2018-05-03,2.72,2.81,2.695,2.76,46200
350,2018-05-02,2.73,2.7802,2.68,2.71,85300
351,2018-05-01,2.78,2.81,2.73,2.74,14200
352,2018-04-30,2.84,2.84,2.71,2.8,76800
353,2018-04-27,2.789,2.81,2.73,2.78,16300
354,2018-04-26,2.88,2.88,2.77,2.81,23500
355,2018-04-25,2.93,2.96,2.7901,2.88,19200
356,2018-04-24,2.99,3.0,2.847,2.92,32400
357,2018-04-23,2.9901,3.03,2.95,2.99,21400
358,2018-04-20,2.99,3.01,2.9602,3.0,24500
359,2018-04-19,3.03,3.04,2.956,2.99,11100
360,2018-04-18,3.0,3.06,2.98,3.01,28900
361,2018-04-17,2.99,3.0,2.97,3.0,15100
362,2018-04-16,3.08,3.1,2.94,2.98,116400
363,2018-04-13,3.11,3.1799,3.05,3.08,38400
364,2018-04-12,3.23,3.24,3.01,3.13,35600
365,2018-04-11,3.05,3.22,3.03,3.21,42300
366,2018-04-10,3.07,3.12,3.0501,3.07,89500
367,2018-04-09,3.13,3.13,2.932,3.05,100200
368,2018-04-06,3.18,3.216,3.06,3.14,33000
369,2018-04-05,3.21,3.32,3.16,3.2,23900
370,2018-04-04,3.26,3.4,3.16,3.21,35100
371,2018-04-03,3.12,3.31,3.04,3.29,51200
372,2018-04-02,3.09,3.23,3.08,3.11,71300
373,2018-03-29,3.27,3.27,3.1,3.11,112300
374,2018-03-28,3.04,3.3,3.021,3.13,96000
375,2018-03-27,3.75,3.88,3.01,3.1,327100
376,2018-03-26,3.55,3.85,3.455,3.72,183100
377,2018-03-23,3.62,3.6403,3.49,3.55,107000
378,2018-03-22,3.55,3.65,3.5,3.62,104400
379,2018-03-21,3.37,3.6,3.37,3.59,172800
380,2018-03-20,3.37,3.45,3.32,3.37,71000
381,2018-03-19,3.43,3.46,3.27,3.34,178500
382,2018-03-16,3.4,3.48,3.35,3.43,135200
383,2018-03-15,3.44,3.44,3.271,3.38,113500
384,2018-03-14,3.4,3.4998,3.39,3.44,177800
385,2018-03-13,3.24,3.44,3.21,3.39,322500
386,2018-03-12,3.15,3.2,3.11,3.19,331900
387,2018-03-09,2.94,3.25,2.94,3.11,296300
388,2018-03-08,2.87,3.2,2.81,2.92,163400
389,2018-03-07,2.74,3.07,2.74,2.92,145100
390,2018-03-06,2.74,2.906,2.71,2.75,130100
391,2018-03-05,2.64,2.85,2.6398,2.72,127100
392,2018-03-02,2.72,2.73,2.511,2.65,158600
393,2018-03-01,2.28,2.89,2.216,2.73,514600
394,2018-02-28,2.21,2.34,2.17,2.19,53600
395,2018-02-27,2.2699,2.38,2.16,2.19,46100
396,2018-02-26,2.3499,2.454,2.22,2.26,28900
397,2018-02-23,2.41,2.55,2.3099,2.35,135900
398,2018-02-22,2.41,2.45,2.38,2.4,32300
399,2018-02-21,2.4,2.45,2.39,2.39,24200
400,2018-02-20,2.4,2.472,2.35,2.39,107600
401,2018-02-16,2.35,2.45,2.305,2.4,37100
402,2018-02-15,2.25,2.36,2.21,2.35,97800
403,2018-02-14,2.2,2.4,2.151,2.22,111900
404,2018-02-13,2.14,2.37,2.13,2.24,50600
405,2018-02-12,2.14,2.26,2.13,2.14,69800
406,2018-02-09,2.2,2.2,2.05,2.13,63400
407,2018-02-08,2.22,2.35,2.15,2.18,98500
408,2018-02-07,2.38,2.44,2.22,2.25,36900
409,2018-02-06,2.28,2.48,2.28,2.39,62500
410,2018-02-05,2.35,2.43,2.255,2.35,60800
411,2018-02-02,2.33,2.39,2.33,2.37,32800
412,2018-02-01,2.31,2.39,2.31,2.33,68200
413,2018-01-31,2.39,2.39,2.31,2.32,11200
414,2018-01-30,2.35,2.38,2.325,2.35,29700
415,2018-01-29,2.34,2.41,2.231,2.39,19800
416,2018-01-26,2.25,2.44,2.151,2.37,63800
417,2018-01-25,2.35,2.35,2.23,2.25,90400
418,2018-01-24,2.48,2.51,2.31,2.37,39900
419,2018-01-23,2.43,2.51,2.39,2.48,119700
420,2018-01-22,2.45,2.49,2.29,2.38,259100
421,2018-01-19,2.409,2.54,2.394,2.44,68500
422,2018-01-18,2.44,2.44,2.38,2.41,50900
423,2018-01-17,2.39,2.5,2.37,2.46,71300
424,2018-01-16,2.37,2.43,2.27,2.4,120800
425,2018-01-12,2.47,2.52,2.0201,2.37,332500
426,2018-01-11,2.46,2.66,2.45,2.48,193700
427,2018-01-10,2.64,2.6402,2.45,2.5,63400
428,2018-01-09,2.7,2.8,2.58,2.62,81900
429,2018-01-08,2.75,2.9191,2.58,2.7,277500
430,2018-01-05,2.605,2.82,2.6,2.731,137200
431,2018-01-04,2.53,2.69,2.52,2.58,127600
432,2018-01-03,2.4,2.55,2.398,2.51,44900
433,2018-01-02,2.4,2.49,2.35,2.43,57400
434,2017-12-29,2.4,2.4501,2.279,2.37,82700
435,2017-12-28,2.35,2.46,2.3,2.41,90500
436,2017-12-27,2.467,2.48,2.28,2.35,79900
437,2017-12-26,2.49,2.64,2.36,2.45,356100
438,2017-12-22,2.3,2.47,2.3,2.46,152100
439,2017-12-21,2.4,2.45,2.3,2.32,273200
440,2017-12-20,2.26,2.38,2.23,2.36,392600
441,2017-12-19,2.2,2.3,2.18,2.24,544800
442,2017-12-18,2.12,2.42,2.12,2.16,487400
443,2017-12-15,2.06,2.1,2.02,2.1,55700
444,2017-12-14,2.0801,2.11,2.079,2.08,71600
445,2017-12-13,2.07,2.11,2.07,2.09,159000
446,2017-12-12,2.03,2.14,2.02,2.09,99500
447,2017-12-11,2.01,2.076,1.95,2.02,63100
448,2017-12-08,1.98,2.03,1.95,2.02,22400
449,2017-12-07,2.01,2.08,1.9,1.99,49500
450,2017-12-06,2.0799,2.14,1.99,2.02,218800
451,2017-12-05,2.02,2.08,2.02,2.08,105800
452,2017-12-04,2.05,2.05,2.01,2.04,19700
453,2017-12-01,2.0,2.05,1.99,2.04,29300
454,2017-11-30,1.984,2.05,1.984,2.0,46200
455,2017-11-29,2.03,2.03,1.94,2.0,36700
456,2017-11-28,1.95,2.03,1.95,2.03,60000
457,2017-11-27,1.98,2.01,1.95,1.95,42400
458,2017-11-24,1.99,2.02,1.98,2.01,12400
459,2017-11-22,1.98,2.03,1.98,2.0,20200
460,2017-11-21,2.0,2.05,1.951,1.98,38000
461,2017-11-20,2.04,2.05,1.98,2.0,31000
462,2017-11-17,2.0,2.06,1.9739,2.05,46000
463,2017-11-16,2.05,2.06,1.98,2.0,57000
464,2017-11-15,2.07,2.1,2.01,2.02,33200
465,2017-11-14,2.0199,2.06,1.981,2.05,76000
466,2017-11-13,2.04,2.075,2.01,2.02,59400
467,2017-11-10,2.02,2.06,1.99,2.055,105600
468,2017-11-09,1.99,2.06,1.99,2.02,130800
469,2017-11-08,1.99,2.04,1.92,2.0,31400
470,2017-11-07,2.01,2.01,2.01,2.01,48600
471,2017-11-06,2.0,2.12,1.95,2.02,147100
472,2017-11-03,1.828,2.02,1.82,2.0,84500
473,2017-11-02,1.85,2.12,1.808,1.82,374100
474,2017-11-01,1.75,1.86,1.75,1.79,23800
475,2017-10-31,1.82,1.86,1.74,1.75,77500
476,2017-10-30,1.76,1.94,1.72,1.81,102600
477,2017-10-27,1.87,1.87,1.707,1.78,68200
478,2017-10-26,1.776,1.9,1.676,1.8,110900
479,2017-10-25,1.8,1.92,1.76,1.84,143300
480,2017-10-24,1.82,1.88,1.8,1.8,71500
481,2017-10-23,1.95,1.95,1.76,1.82,70600
482,2017-10-20,1.96,2.0,1.9,1.93,40700
483,2017-10-19,2.01,2.06,1.92,1.94,78300
484,2017-10-18,2.02,2.08,1.95,1.99,78600
485,2017-10-17,2.0,2.04,1.93,2.02,177800
486,2017-10-16,1.97,1.97,1.97,1.97,134400
487,2017-10-13,2.03,2.09,2.01,2.04,46700
488,2017-10-12,2.125,2.14,2.03,2.03,273000
489,2017-10-11,2.03,2.11,2.02,2.09,49700
490,2017-10-10,2.15,2.17,1.9999,2.02,158800
491,2017-10-09,2.07,2.07,2.07,2.07,259300
492,2017-10-06,1.98,2.15,1.95,2.13,118200
493,2017-10-05,1.8,2.25,1.75,2.02,519600
494,2017-10-04,1.79,1.79,1.79,1.79,192300
495,2017-10-03,1.53,1.74,1.524,1.7,263700
496,2017-10-02,1.61,1.61,1.44,1.56,122400
497,2017-09-29,1.59,1.59,1.59,1.59,51600
498,2017-09-28,1.56,1.6,1.48,1.57,178900
499,2017-09-27,1.47,1.639,1.461,1.59,296900
500,2017-09-26,1.31,1.49,1.291,1.45,404600
501,2017-09-25,1.29,1.449,1.25,1.3,295900
502,2017-09-22,1.25,1.29,1.2,1.27,248800
503,2017-09-21,1.25,1.27,1.19,1.25,154900
504,2017-09-20,1.17,1.28,1.17,1.24,119000
505,2017-09-19,1.19,1.21,1.18,1.18,67400
506,2017-09-18,1.22,1.22,1.19,1.19,35300
507,2017-09-15,1.19,1.22,1.19,1.21,31500
508,2017-09-14,1.15,1.22,1.15,1.18,126900
509,2017-09-13,1.18,1.22,1.18,1.19,23600
510,2017-09-12,1.19,1.22,1.17,1.19,37000
511,2017-09-11,1.22,1.24,1.2,1.21,8600
512,2017-09-08,1.2,1.24,1.15,1.21,51400
513,2017-09-07,1.21,1.21,1.17,1.19,41000
514,2017-09-06,1.19,1.23,1.18,1.18,24800
515,2017-09-05,1.17,1.24,1.17,1.18,77500
516,2017-09-01,1.22,1.29,1.18,1.2,9000
517,2017-08-31,1.24,1.31,1.24,1.24,39300
518,2017-08-30,1.239,1.25,1.1701,1.24,37300
519,2017-08-29,1.24,1.26,1.19,1.19,207900
520,2017-08-28,1.26,1.27,1.18,1.25,52500
521,2017-08-25,1.173,1.29,1.17,1.26,111100
522,2017-08-24,1.17,1.26,1.15,1.21,79400
523,2017-08-23,1.16,1.2,1.13,1.165,61900
524,2017-08-22,1.158,1.18,1.13,1.16,29200
525,2017-08-21,1.18,1.2,1.13,1.16,63100
526,2017-08-18,1.18,1.18,1.14,1.18,34100
527,2017-08-17,1.17,1.2,1.17,1.19,6700
528,2017-08-16,1.13,1.19,1.13,1.18,46700
529,2017-08-15,1.19,1.23,1.1,1.12,266900
530,2017-08-14,1.17,1.21,1.14,1.19,62700
531,2017-08-11,1.17,1.18,1.14,1.18,48600
532,2017-08-10,1.19,1.23,1.14,1.15,66500
533,2017-08-09,1.22,1.22,1.1599,1.19,28900
534,2017-08-08,1.31,1.35,1.18,1.22,112100
535,2017-08-07,1.16,1.35,1.16,1.31,447700
536,2017-08-04,1.16,1.16,1.16,1.16,228700
537,2017-08-03,1.08,1.1981,0.77,1.08,990100
538,2017-08-02,1.17,1.18,1.0799,1.17,138700
539,2017-08-01,1.21,1.21,1.139,1.15,335000
540,2017-07-31,1.27,1.27,1.17,1.2,162300
541,2017-07-28,1.3,1.32,1.25,1.28,44000
542,2017-07-27,1.29,1.34,1.25,1.29,74300
543,2017-07-26,1.31,1.32,1.252,1.29,36000
544,2017-07-25,1.32,1.38,1.3,1.3,155700
545,2017-07-24,1.36,1.38,1.32,1.32,559700
546,2017-07-21,1.33,1.4,1.298,1.35,206300
547,2017-07-20,1.27,1.5,1.27,1.35,256800
548,2017-07-19,1.15,1.34,1.149,1.26,189000
549,2017-07-18,1.15,1.18,1.14,1.15,147100
550,2017-07-17,1.16,1.17,1.13,1.15,56300
551,2017-07-14,1.18,1.23,1.14,1.15,596300
552,2017-07-13,1.19,1.21,1.127,1.14,213000
553,2017-07-12,1.2,1.23,1.19,1.2,26600
554,2017-07-11,1.25,1.25,1.18,1.19,78800
555,2017-07-10,1.28,1.28,1.175,1.25,47300
556,2017-07-07,1.27,1.28,1.25,1.27,39000
557,2017-07-06,1.27,1.29,1.25,1.28,36100
558,2017-07-05,1.28,1.3,1.27,1.27,45100
559,2017-07-03,1.29,1.3,1.28,1.28,7800
560,2017-06-30,1.26,1.3,1.26,1.29,35300
561,2017-06-29,1.28,1.3,1.26,1.26,88100
562,2017-06-28,1.29,1.3,1.28,1.28,28800
563,2017-06-27,1.3,1.31,1.28,1.29,41700
564,2017-06-26,1.29,1.31,1.29,1.29,65400
565,2017-06-23,1.2901,1.3,1.27,1.3,51500
566,2017-06-22,1.287,1.301,1.261,1.29,25000
567,2017-06-21,1.32,1.34,1.252,1.29,25300
568,2017-06-20,1.262,1.34,1.25,1.31,26300
569,2017-06-19,1.3,1.35,1.25,1.31,62700
570,2017-06-16,1.3299,1.36,1.29,1.29,94600
571,2017-06-15,1.35,1.36,1.34,1.34,61900
572,2017-06-14,1.35,1.39,1.35,1.36,28300
573,2017-06-13,1.4009,1.41,1.35,1.38,127500
574,2017-06-12,1.4,1.45,1.38,1.4,120000
575,2017-06-09,1.4,1.42,1.39,1.4,185800
576,2017-06-08,1.39,1.42,1.39,1.4,598800
577,2017-06-07,1.4,1.43,1.39,1.39,108700
578,2017-06-06,1.415,1.45,1.38,1.4,453700
579,2017-06-05,1.388,1.42,1.37,1.4,126500
580,2017-06-02,1.35,1.45,1.343,1.39,151600
581,2017-06-01,1.328,1.42,1.27,1.39,224000
582,2017-05-31,1.34,1.38,1.34,1.34,33400
583,2017-05-30,1.38,1.38,1.265,1.34,13900
584,2017-05-26,1.36,1.41,1.25,1.37,817300
585,2017-05-25,1.3461,1.39,1.333,1.38,22700
586,2017-05-24,1.32,1.4,1.31,1.346,8900
587,2017-05-23,1.38,1.39,1.351,1.39,7000
588,2017-05-22,1.4,1.4,1.37,1.39,30100
589,2017-05-19,1.32,1.4,1.31,1.39,124100
590,2017-05-18,1.34,1.41,1.3149,1.33,39400
591,2017-05-17,1.36,1.405,1.36,1.37,26700
592,2017-05-16,1.4,1.41,1.36,1.39,39700
593,2017-05-15,1.4,1.42,1.39,1.4,21700
594,2017-05-12,1.4,1.46,1.381,1.4,6300
595,2017-05-11,1.45,1.46,1.39,1.4,25200
596,2017-05-10,1.4,1.44,1.39,1.4,43000
597,2017-05-09,1.452,1.452,1.36,1.38,45000
598,2017-05-08,1.49,1.5,1.452,1.47,7200
599,2017-05-05,1.482,1.651,1.42,1.5,177800
600,2017-05-04,1.5,1.5,1.283,1.5,149800
601,2017-05-03,1.45,1.48,1.43,1.48,51000
602,2017-05-02,1.49,1.5,1.45,1.46,11600
603,2017-05-01,1.42,1.47,1.42,1.45,12200
604,2017-04-28,1.41,1.45,1.368,1.41,43600
605,2017-04-27,1.42,1.5,1.383,1.4,40900
606,2017-04-26,1.2,1.41,1.2,1.41,46300
607,2017-04-25,1.21,1.25,1.18,1.22,209300
608,2017-04-24,1.22,1.23,1.185,1.22,42700
609,2017-04-21,1.18,1.22,1.18,1.2,21100
610,2017-04-20,1.14,1.24,1.14,1.17,52400
611,2017-04-19,1.19,1.19,1.138,1.15,89200
612,2017-04-18,1.23,1.27,1.18,1.18,65300
613,2017-04-17,1.27,1.3,1.21,1.25,19900
614,2017-04-13,1.24,1.26,1.21,1.25,20700
615,2017-04-12,1.29,1.3,1.23,1.26,31700
616,2017-04-11,1.23,1.31,1.22,1.23,11700
617,2017-04-10,1.24,1.27,1.228,1.25,32800
618,2017-04-07,1.25,1.3,1.23,1.24,91500
619,2017-04-06,1.24,1.28,1.21,1.24,13500
620,2017-04-05,1.38,1.38,1.25,1.25,136600
621,2017-04-04,1.36,1.38,1.35,1.35,121200
622,2017-04-03,1.426,1.46,1.36,1.36,28700
623,2017-03-31,1.48,1.51,1.47,1.48,59800
624,2017-03-30,1.453,1.49,1.43,1.482,13400
625,2017-03-29,1.47,1.49,1.46,1.47,16500
626,2017-03-28,1.4,1.48,1.4,1.45,4200
627,2017-03-27,1.41,1.44,1.37,1.4,37800
628,2017-03-24,1.4501,1.48,1.36,1.42,42400
629,2017-03-23,1.45,1.46,1.35,1.42,23900
630,2017-03-22,1.42,1.48,1.39,1.39,19000
631,2017-03-21,1.47,1.47,1.369,1.43,33200
632,2017-03-20,1.41,1.48,1.385,1.42,10000
633,2017-03-17,1.5,1.5,1.42,1.42,58200
634,2017-03-16,1.5,1.5,1.48,1.5,26600
635,2017-03-15,1.5,1.52,1.47,1.5,35100
636,2017-03-14,1.53,1.55,1.47,1.5,28900
637,2017-03-13,1.46,1.52,1.422,1.52,52200
638,2017-03-10,1.43,1.48,1.384,1.45,50100
639,2017-03-09,1.421,1.49,1.4,1.44,53400
640,2017-03-08,1.3,1.47,1.217,1.42,194600
641,2017-03-07,1.19,1.3,1.15,1.29,130200
642,2017-03-06,1.2001,1.23,1.15,1.19,92600
643,2017-03-03,1.23,1.25,1.15,1.2,437800
644,2017-03-02,1.3,1.36,1.2,1.23,310200
645,2017-03-01,1.38,1.481,1.3,1.34,212300
646,2017-02-28,1.38,1.41,1.37,1.37,27000
647,2017-02-27,1.37,1.425,1.37,1.41,22000
648,2017-02-24,1.35,1.41,1.33,1.4,130500
649,2017-02-23,1.436,1.45,1.4,1.4,12900
650,2017-02-22,1.43,1.5,1.4,1.45,204300
651,2017-02-21,1.45,1.46,1.4099,1.43,136200
652,2017-02-17,1.47,1.49,1.45,1.45,72400
653,2017-02-16,1.56,1.56,1.46,1.46,51500
654,2017-02-15,1.62,1.62,1.53,1.54,67500
655,2017-02-14,1.66,1.67,1.57,1.618,51800
656,2017-02-13,1.66,1.687,1.602,1.66,49500
657,2017-02-10,1.59,1.67,1.59,1.63,43600
658,2017-02-09,1.62,1.65,1.6,1.6,27500
659,2017-02-08,1.61,1.7,1.59,1.62,60900
660,2017-02-07,1.68,1.72,1.61,1.61,71300
661,2017-02-06,1.73,1.78,1.68,1.69,24900
662,2017-02-03,1.76,1.77,1.71,1.71,21500
663,2017-02-02,1.68,1.79,1.65,1.69,43700
664,2017-02-01,1.64,1.69,1.622,1.68,36500
665,2017-01-31,1.63,1.65,1.578,1.61,14900
666,2017-01-30,1.61,1.66,1.6,1.66,13600
667,2017-01-27,1.72,1.72,1.62,1.68,21500
668,2017-01-26,1.749,1.78,1.64,1.7,62700
669,2017-01-25,1.79,1.7999,1.72,1.79,27100
670,2017-01-24,1.73,1.79,1.71,1.77,23800
671,2017-01-23,1.74,1.76,1.7,1.7,29200
672,2017-01-20,1.787,1.79,1.7,1.73,7900
673,2017-01-19,1.74,1.75,1.69,1.69,7400
674,2017-01-18,1.68,1.73,1.665,1.69,9500
675,2017-01-17,1.86,1.86,1.69,1.7,25300
676,2017-01-13,1.79,1.85,1.75,1.84,56800
677,2017-01-12,1.77,1.85,1.75,1.75,24700
678,2017-01-11,1.78,1.81,1.741,1.8,57600
679,2017-01-10,1.67,1.8,1.67,1.76,16700
680,2017-01-09,1.83,1.8298,1.77,1.79,14000
681,2017-01-06,1.82,1.86,1.8101,1.81,70800
682,2017-01-05,1.85,1.87,1.804,1.85,86500
683,2017-01-04,1.75,1.84,1.619,1.8,52200
684,2017-01-03,1.77,1.85,1.75,1.78,46600
685,2016-12-30,1.56,1.85,1.53,1.8,220600
686,2016-12-29,1.55,1.6,1.54,1.54,57200
687,2016-12-28,1.614,1.614,1.5099,1.51,83600
688,2016-12-27,1.51,1.64,1.5,1.63,104200
689,2016-12-23,1.51,1.54,1.48,1.51,40100
690,2016-12-22,1.5,1.5401,1.48,1.51,50700
691,2016-12-21,1.48,1.52,1.42,1.5,88400
692,2016-12-20,1.48,1.57,1.41,1.43,176600
693,2016-12-19,1.52,1.59,1.46,1.49,46100
694,2016-12-16,1.58,1.59,1.5,1.52,94300
695,2016-12-15,1.68,1.7,1.56,1.59,113800
696,2016-12-14,1.765,1.77,1.67,1.68,82900
697,2016-12-13,1.77,1.85,1.74,1.74,51200
698,2016-12-12,1.88,1.881,1.752,1.752,23300
699,2016-12-09,1.88,1.91,1.86,1.88,89800
700,2016-12-08,1.9,1.95,1.87,1.88,75300
701,2016-12-07,1.88,1.95,1.88,1.89,65700
702,2016-12-06,1.95,1.99,1.86,1.87,85800
703,2016-12-05,2.03,2.09,1.92,1.94,144000
704,2016-12-02,1.79,1.96,1.78,1.95,159100
705,2016-12-01,1.75,1.8,1.74,1.78,114100
706,2016-11-30,1.75,1.79,1.726,1.75,98300
707,2016-11-29,1.68,1.75,1.68,1.745,106600
708,2016-11-28,1.74,1.75,1.68,1.69,45700
709,2016-11-25,1.72,1.75,1.707,1.75,8800
710,2016-11-23,1.72,1.75,1.71,1.73,35000
711,2016-11-22,1.68,1.7801,1.68,1.75,53200
712,2016-11-21,1.59,1.8,1.59,1.71,50500
713,2016-11-18,1.55,1.7,1.55,1.59,29300
714,2016-11-17,1.61,1.61,1.55,1.56,9000
715,2016-11-16,1.6,1.62,1.6,1.6,17900
716,2016-11-15,1.63,1.67,1.6,1.61,28800
717,2016-11-14,1.64,1.67,1.62,1.67,8400
718,2016-11-11,1.65,1.75,1.64,1.64,32500
719,2016-11-10,1.68,1.7601,1.57,1.69,38700
720,2016-11-09,1.75,1.767,1.66,1.71,11800
721,2016-11-08,1.62,1.78,1.62,1.75,28200
722,2016-11-07,1.56,1.67,1.5601,1.59,81800
723,2016-11-04,1.6,1.64,1.464,1.56,130800
724,2016-11-03,1.81,1.81,1.55,1.6,91600
725,2016-11-02,1.95,1.96,1.731,1.731,133300
726,2016-11-01,1.99,2.01,1.95,1.95,13100
727,2016-10-31,2.02,2.03,1.97,2.0,3400
728,2016-10-28,1.95,2.08,1.943,1.982,82400
729,2016-10-27,1.97,1.99,1.95,1.97,15800
730,2016-10-26,2.0,2.0,1.95,1.98,35500
731,2016-10-25,2.0,2.07,1.98,2.02,12300
732,2016-10-24,2.0,2.0,1.99,2.0,9900
733,2016-10-21,2.0102,2.051,1.95,1.95,109100
734,2016-10-20,2.04,2.09,2.0103,2.02,28700
735,2016-10-19,2.07,2.09,2.05,2.05,16200
736,2016-10-18,2.09,2.11,2.05,2.09,8000
737,2016-10-17,2.11,2.13,2.04,2.1,33000
738,2016-10-14,2.12,2.12,2.08,2.1,24100
739,2016-10-13,2.13,2.15,2.11,2.11,14400
740,2016-10-12,2.15,2.18,2.11,2.13,23600
741,2016-10-11,2.24,2.24,2.1,2.15,53100
742,2016-10-10,2.34,2.34,2.2,2.24,34200
743,2016-10-07,2.2,2.37,2.16,2.32,291600
744,2016-10-06,2.21,2.249,2.05,2.17,112800
745,2016-10-05,2.15,2.23,2.069,2.22,38500
746,2016-10-04,2.19,2.25,2.11,2.13,46100
747,2016-10-03,2.22,2.22,2.15,2.17,34600
748,2016-09-30,2.24,2.29,2.2,2.22,76900
749,2016-09-29,2.21,2.25,2.18,2.23,23900
750,2016-09-28,2.27,2.38,2.16,2.2,116200
751,2016-09-27,2.4,2.4,2.16,2.28,105200
752,2016-09-26,2.36,2.57,2.318,2.39,53700
753,2016-09-23,2.36,2.43,2.31,2.35,52100
754,2016-09-22,2.34,2.41,2.32,2.36,24900
755,2016-09-21,2.35,2.35,2.26,2.32,37400
756,2016-09-20,2.3602,2.52,2.35,2.35,103300
757,2016-09-19,2.22,2.31,2.1,2.31,10900
758,2016-09-16,2.26,2.33,2.2,2.2,52200
759,2016-09-15,2.14,2.27,2.13,2.23,217700
760,2016-09-14,2.19,2.19,2.01,2.14,58500
761,2016-09-13,2.19,2.19,2.18,2.18,15200
762,2016-09-12,2.19,2.19,2.153,2.19,29900
763,2016-09-09,2.15,2.19,2.1499,2.18,35000
764,2016-09-08,2.09,2.1899,2.09,2.13,339400
765,2016-09-07,2.0,2.19,2.0,2.09,266800
766,2016-09-06,2.02,2.16,1.99,2.0,1127600
767,2016-09-02,1.99,2.12,1.99,2.02,69800
768,2016-09-01,1.93,1.9901,1.93,1.97,9500
769,2016-08-31,1.9202,1.99,1.92,1.966,32100
770,2016-08-30,2.06,2.06,1.8699,1.92,114400
771,2016-08-29,2.08,2.11,2.01,2.02,55100
772,2016-08-26,2.01,2.11,2.01,2.06,20800
773,2016-08-25,2.215,2.229,2.01,2.01,69200
774,2016-08-24,2.31,2.339,2.2,2.2,43900
775,2016-08-23,2.37,2.4,2.26,2.28,25600
776,2016-08-22,2.35,2.43,2.29,2.4,65200
777,2016-08-19,2.3,2.3602,2.29,2.35,9600
778,2016-08-18,2.28,2.33,2.28,2.29,12400
779,2016-08-17,2.34,2.34,2.281,2.3,40700
780,2016-08-16,2.2999,2.4,2.3,2.31,17400
781,2016-08-15,2.3,2.35,2.3,2.3,28900
782,2016-08-12,2.35,2.35,2.25,2.3,39200
783,2016-08-11,2.42,2.42,2.265,2.32,98300
784,2016-08-10,2.31,2.45,2.19,2.25,76700
785,2016-08-09,2.4,2.531,2.13,2.29,92400
786,2016-08-08,2.44,2.5,2.35,2.39,55700
787,2016-08-05,2.65,2.81,2.41,2.47,137500
788,2016-08-04,3.6,3.6,2.63,2.673,257100
789,2016-08-03,3.75,3.9,3.66,3.85,9000
790,2016-08-02,3.6999,3.8,3.7,3.8,3500
791,2016-08-01,3.807,3.89,3.71,3.85,14800
792,2016-07-29,3.7998,3.9,3.8,3.82,2200
793,2016-07-28,3.9,3.9,3.89,3.89,1400
794,2016-07-27,3.71,3.9,3.71,3.86,3900
795,2016-07-26,3.85,3.85,3.76,3.85,2100
796,2016-07-25,3.9,3.9,3.9,3.9,0
797,2016-07-22,3.78,3.9,3.68,3.9,8800
798,2016-07-21,3.77,3.82,3.77,3.79,1900
799,2016-07-20,3.79,3.81,3.77,3.8,2500
800,2016-07-19,3.73,3.85,3.7299,3.79,6300
801,2016-07-18,3.8,3.8,3.75,3.8,5500
802,2016-07-15,3.83,3.849,3.8,3.8,1000
803,2016-07-14,3.72,3.8,3.72,3.79,5300
804,2016-07-13,3.65,3.75,3.65,3.75,1300
805,2016-07-12,3.61,3.76,3.5999,3.75,14600
806,2016-07-11,3.72,3.74,3.58,3.74,1900
807,2016-07-08,3.55,3.75,3.55,3.69,8100
808,2016-07-07,3.6,3.63,3.545,3.545,2900
809,2016-07-06,3.58,3.6304,3.56,3.56,10100
810,2016-07-05,3.65,3.76,3.5901,3.64,9000
811,2016-07-01,3.62,3.64,3.569,3.64,9200
812,2016-06-30,3.68,3.75,3.6,3.61,10100
813,2016-06-29,3.61,3.74,3.61,3.63,3000
814,2016-06-28,3.59,3.75,3.59,3.73,7400
815,2016-06-27,3.6003,3.63,3.56,3.62,5400
816,2016-06-24,3.73,3.76,3.63,3.63,1600
817,2016-06-23,3.8,3.85,3.64,3.77,102400
818,2016-06-22,3.786,3.82,3.77,3.82,2900
819,2016-06-21,3.8,3.8,3.78,3.8,1900
820,2016-06-20,3.73,3.81,3.73,3.8,130000
821,2016-06-17,3.76,3.77,3.7,3.72,6100
822,2016-06-16,3.74,3.75,3.7001,3.74,2700
823,2016-06-15,3.72,3.75,3.52,3.75,25100
824,2016-06-14,3.72,3.7498,3.67,3.75,9100
825,2016-06-13,3.93,3.93,3.77,3.79,12300
826,2016-06-10,3.91,3.95,3.84,3.89,34200
827,2016-06-09,3.97,3.97,3.8441,3.93,4600
828,2016-06-08,3.89,4.0,3.87,3.87,128600
829,2016-06-07,3.89,3.92,3.75,3.9,105800
830,2016-06-06,3.89,3.9398,3.85,3.89,13000
831,2016-06-03,3.8,3.9,3.8,3.89,7700
832,2016-06-02,3.88,3.95,3.81,3.82,15300
833,2016-06-01,3.9398,3.95,3.89,3.95,11400
834,2016-05-31,3.91,3.98,3.86,3.93,4200
835,2016-05-27,3.98,3.99,3.9,3.94,6200
836,2016-05-26,4.0,3.9998,3.99,3.99,1800
837,2016-05-25,3.86,4.0,3.86,4.0,19800
838,2016-05-24,3.79,4.0,3.785,4.0,14200
839,2016-05-23,3.98,4.0,3.75,3.99,15400
840,2016-05-20,4.0,4.0,3.93,3.93,4200
841,2016-05-19,3.9,3.98,3.6992,3.98,29700
842,2016-05-18,3.9,3.95,3.9,3.92,3200
843,2016-05-17,3.95,3.95,3.9,3.9,8800
844,2016-05-16,3.99,4.0,3.87,3.91,3800
845,2016-05-13,3.94,4.0,3.86,3.87,1600
846,2016-05-12,3.963,4.0,3.88,3.9,4400
847,2016-05-11,3.9,4.0,3.881,3.93,3100
848,2016-05-10,3.96,4.0,3.91,3.91,6100
849,2016-05-09,3.85,4.02,3.85,3.95,19000
850,2016-05-06,3.881,4.0,3.86,3.86,2900
851,2016-05-05,3.87,3.96,3.86,3.86,1000
852,2016-05-04,3.99,4.0,3.91,3.92,3700
853,2016-05-03,3.96,3.96,3.9599,3.96,500
854,2016-05-02,4.03,4.095,3.95,3.95,5600
855,2016-04-29,3.85,4.02,3.8498,3.99,9900
856,2016-04-28,4.02,4.03,3.96,3.97,5400
857,2016-04-27,4.07,4.125,3.96,4.0,8600
858,2016-04-26,3.9502,4.0,3.95,4.0,5800
859,2016-04-25,4.0,4.0,3.93,3.99,7700
860,2016-04-22,4.04,4.05,3.98,4.0,9600
861,2016-04-21,4.0,4.04,3.911,4.04,10300
862,2016-04-20,3.89,4.19,3.76,3.96,17000
863,2016-04-19,4.12,4.12,3.68,3.84,8100
864,2016-04-18,3.89,4.2,3.83,3.83,5900
865,2016-04-15,3.89,3.9702,3.59,3.87,65100
866,2016-04-14,3.98,3.98,3.8,3.85,8900
867,2016-04-13,3.7498,3.855,3.56,3.74,28900
868,2016-04-12,3.7,3.996,3.675,3.7,25200
869,2016-04-11,3.99,4.1,3.89,3.89,119000
870,2016-04-08,3.84,4.08,3.84,4.03,12800
871,2016-04-07,3.7698,3.8,3.69,3.7,9800
872,2016-04-06,3.55,3.65,3.55,3.57,2500
873,2016-04-05,3.58,3.67,3.56,3.59,1700
874,2016-04-04,3.59,3.59,3.57,3.589,1800
875,2016-04-01,3.51,3.76,3.36,3.6,13500
876,2016-03-31,3.8,3.81,3.355,3.5,18800
877,2016-03-30,3.49,3.764,3.401,3.62,8900
878,2016-03-29,3.51,3.71,3.51,3.51,21600
879,2016-03-28,3.53,3.72,3.22,3.58,37100
880,2016-03-24,3.66,3.66,3.5,3.55,31100
881,2016-03-23,3.47,3.59,3.3952,3.55,19500
882,2016-03-22,3.44,3.485,3.3,3.42,22900
883,2016-03-21,3.27,3.52,3.25,3.42,7900
884,2016-03-18,3.33,3.52,3.27,3.27,16800
885,2016-03-17,3.393,3.63,3.18,3.26,4300
886,2016-03-16,3.26,3.31,3.14,3.18,12000
887,2016-03-15,3.18,3.49,3.18,3.27,6700
888,2016-03-14,3.16,3.2,3.14,3.14,12700
889,2016-03-11,3.1548,3.2,3.11,3.2,15500
890,2016-03-10,3.24,3.25,3.07,3.08,17100
891,2016-03-09,3.2501,3.27,3.22,3.24,15200
892,2016-03-08,3.2,3.29,3.2,3.25,10800
893,2016-03-07,3.17,3.32,3.17,3.27,21000
894,2016-03-04,2.91,3.31,2.91,3.24,427600
895,2016-03-03,2.92,3.07,2.92,2.96,25500
896,2016-03-02,2.95,3.03,2.85,2.95,12000
897,2016-03-01,3.0,3.13,2.95,3.02,96100
898,2016-02-29,2.7999,3.0,2.8,2.95,9400
899,2016-02-26,2.78,2.95,2.78,2.81,13300
900,2016-02-25,2.79,2.94,2.79,2.85,11300
901,2016-02-24,2.82,2.85,2.79,2.79,7900
902,2016-02-23,2.81,2.97,2.81,2.88,3600
903,2016-02-22,2.8,2.9,2.8,2.86,6400
904,2016-02-19,2.9,3.05,2.82,2.82,10000
905,2016-02-18,2.8,3.01,2.8,2.92,4200
906,2016-02-17,2.85,3.09,2.79,2.8,6400
907,2016-02-16,2.89,3.03,2.85,2.85,11200
908,2016-02-12,2.92,3.04,2.77,2.92,24800
909,2016-02-11,3.01,3.1,2.93,2.93,7600
910,2016-02-10,3.0599,3.11,3.06,3.1,3800
911,2016-02-09,3.08,3.25,3.0802,3.1,7700
912,2016-02-08,3.32,3.43,3.11,3.11,3000
913,2016-02-05,3.42,3.49,3.361,3.38,2500
914,2016-02-04,3.4,3.502,3.4,3.46,3800
915,2016-02-03,3.43,3.49,3.31,3.46,3600
916,2016-02-02,3.44,3.51,3.33,3.43,21800
917,2016-02-01,3.143,3.46,3.143,3.45,8100
918,2016-01-29,3.3,3.59,3.3,3.41,31100
919,2016-01-28,3.4,3.43,3.21,3.28,4000
920,2016-01-27,3.16,3.25,3.15,3.18,27900
921,2016-01-26,3.11,3.422,3.11,3.26,15000
922,2016-01-25,3.34,3.3605,3.07,3.07,15500
923,2016-01-22,3.44,3.45,3.19,3.34,17900
924,2016-01-21,3.37,3.44,3.36,3.43,4400
925,2016-01-20,3.54,3.54,3.322,3.42,10300
926,2016-01-19,3.35,3.54,3.35,3.49,12300
927,2016-01-15,3.47,3.47,3.31,3.37,14100
928,2016-01-14,3.434,3.45,3.4,3.45,5700
929,2016-01-13,3.36,3.43,3.32,3.38,12000
930,2016-01-12,3.51,3.54,3.36,3.36,13100
931,2016-01-11,3.5,3.54,3.39,3.45,3600
932,2016-01-08,3.4,3.51,3.3401,3.45,24800
933,2016-01-07,3.42,3.4598,3.31,3.4,48600
934,2016-01-06,3.516,3.585,3.46,3.46,7700
935,2016-01-05,4.23,4.23,3.663,3.663,30400
936,2016-01-04,3.78,4.09,3.78,4.08,21100
937,2015-12-31,3.38,3.78,3.38,3.78,126200
938,2015-12-30,3.5,3.54,3.41,3.42,23700
939,2015-12-29,3.48,3.56,3.3,3.5,63000
940,2015-12-28,3.5,3.53,3.45,3.5,13000
941,2015-12-24,3.33,3.56,3.33,3.54,39000
942,2015-12-23,3.62,3.67,3.57,3.59,64300
943,2015-12-22,3.59,3.67,3.57,3.58,42300
944,2015-12-21,3.48,3.7,3.48,3.553,31400
945,2015-12-18,3.17,3.67,3.17,3.67,54400
946,2015-12-17,3.1,3.23,3.1,3.17,25300
947,2015-12-16,3.046,3.19,3.046,3.14,25300
948,2015-12-15,3.1,3.13,2.98,3.01,139100
949,2015-12-14,3.11,3.3,3.03,3.1,96400
950,2015-12-11,3.31,3.33,3.27,3.3,19700
951,2015-12-10,3.36,3.41,3.33,3.36,18600
952,2015-12-09,3.4,3.4202,3.35,3.35,15200
953,2015-12-08,3.45,3.45,3.38,3.41,27900
954,2015-12-07,3.48,3.48,3.4,3.41,13300
955,2015-12-04,3.444,3.54,3.4,3.51,26800
956,2015-12-03,3.4501,3.45,3.414,3.45,9900
957,2015-12-02,3.42,3.48,3.4,3.44,17100
958,2015-12-01,3.52,3.52,3.41,3.52,11300
959,2015-11-30,3.6,3.6,3.5,3.54,10300
960,2015-11-27,3.57,3.61,3.52,3.6,8100
961,2015-11-25,3.57,3.69,3.31,3.64,10900
962,2015-11-24,3.58,3.65,3.58,3.62,9800
963,2015-11-23,3.86,3.86,3.56,3.7,182600
964,2015-11-20,3.87,3.914,3.85,3.88,10700
965,2015-11-19,3.88,3.96,3.85,3.88,12300
966,2015-11-18,3.85,3.97,3.85,3.94,26800
967,2015-11-17,3.82,3.91,3.75,3.91,15900
968,2015-11-16,3.817,3.89,3.75,3.88,5800
969,2015-11-13,3.74,3.85,3.72,3.84,11100
970,2015-11-12,3.89,3.89,3.61,3.785,47600
971,2015-11-11,3.841,4.0,3.82,3.955,12400
972,2015-11-10,3.87,4.02,3.82,4.02,17700
973,2015-11-09,4.03,4.03,3.805,3.88,8600
974,2015-11-06,3.93,4.03,3.55,4.03,27200
975,2015-11-05,4.05,4.1242,3.95,3.96,26000
976,2015-11-04,4.13,4.15,3.99,3.995,25900
977,2015-11-03,3.71,4.17,3.65,4.095,90700
978,2015-11-02,3.5001,3.83,3.5,3.74,64000
979,2015-10-30,2.9,3.9,2.9,3.33,102500
980,2015-10-29,4.33,4.45,4.09,4.18,30000
981,2015-10-28,4.45,4.65,4.35,4.35,45900
982,2015-10-27,4.66,4.66,4.44,4.44,60000
983,2015-10-26,4.69,4.76,4.65,4.69,20300
984,2015-10-23,4.86,4.9,4.72,4.72,14200
985,2015-10-22,4.92,4.98,4.77,4.77,106200
986,2015-10-21,4.9303,4.994,4.85,4.89,11500
987,2015-10-20,4.9,4.96,4.811,4.88,16000
988,2015-10-19,4.87,4.95,4.796,4.87,16700
989,2015-10-16,4.9,4.99,4.75,4.88,10500
990,2015-10-15,4.82,5.1,4.593,4.9,24400
991,2015-10-14,4.9,4.9,4.71,4.88,16100
992,2015-10-13,4.84,5.0,4.79,4.9,29700
993,2015-10-12,4.87,4.92,4.62,4.86,31000
994,2015-10-09,4.92,4.92,4.7999,4.85,11700
995,2015-10-08,4.7,4.72,4.5097,4.71,23900
996,2015-10-07,4.73,4.85,4.72,4.72,20400
997,2015-10-06,4.28,4.78,3.56,4.72,40200
998,2015-10-05,4.3,4.53,4.27,4.28,37400
999,2015-10-02,4.15,4.3,4.07,4.23,24600
1000,2015-10-01,4.39,4.39,4.13,4.21,23100
1001,2015-09-30,4.2,4.4001,4.2,4.38,27300
1002,2015-09-29,4.45,4.54,4.2,4.24,82900
1003,2015-09-28,4.7,4.72,4.45,4.45,32400
1004,2015-09-25,4.7,5.032,4.65,4.71,206300
1005,2015-09-24,4.63,5.1,4.63,4.63,19400
1006,2015-09-23,4.77,4.8199,4.58,4.59,14800
1007,2015-09-22,4.8,4.83,4.75,4.77,15800
1008,2015-09-21,4.84,4.87,4.7999,4.8,37600
1009,2015-09-18,4.9,5.0,4.83,4.85,95000
1010,2015-09-17,4.7,4.91,4.7,4.81,33700
1011,2015-09-16,4.7,4.74,4.665,4.7,15900
1012,2015-09-15,4.65,4.73,4.63,4.69,36400
1013,2015-09-14,4.75,4.77,4.65,4.67,37400
1014,2015-09-11,4.67,4.868,4.67,4.68,5800
1015,2015-09-10,4.76,4.78,4.66,4.68,18000
1016,2015-09-09,4.88,4.93,4.83,4.83,23100
1017,2015-09-08,4.85,4.94,4.83,4.84,16600
1018,2015-09-04,4.79,4.9,4.79,4.82,8400
1019,2015-09-03,4.9,4.9,4.82,4.82,9000
1020,2015-09-02,4.98,4.98,4.75,4.9,50500
1021,2015-09-01,4.95,4.97,4.9,4.94,13000
1022,2015-08-31,4.93,5.01,4.93,5.0,10500
1023,2015-08-28,4.99,5.07,4.92,4.93,45600
1024,2015-08-27,4.84,4.99,4.777,4.95,20600
1025,2015-08-26,4.81,4.85,4.69,4.8,21100
1026,2015-08-25,4.79,4.9,4.7,4.7,23500
1027,2015-08-24,4.66,4.78,4.53,4.71,33800
1028,2015-08-21,4.95,5.0,4.76,4.81,54500
1029,2015-08-20,5.0,5.09,4.81,4.98,56200
1030,2015-08-19,5.2,5.3,5.03,5.05,27600
1031,2015-08-18,5.297,5.3,5.17,5.18,31200
1032,2015-08-17,5.27,5.36,5.26,5.3,39800
1033,2015-08-14,5.3,5.39,5.3,5.31,6600
1034,2015-08-13,5.45,5.47,5.181,5.34,20900
1035,2015-08-12,5.55,5.55,5.37,5.47,104400
1036,2015-08-11,5.77,5.77,5.5,5.58,19400
1037,2015-08-10,5.75,5.89,5.522,5.79,30100
1038,2015-08-07,5.42,5.63,5.42,5.6,24300
1039,2015-08-06,5.87,5.895,5.45,5.47,27900
1040,2015-08-05,5.58,5.82,5.58,5.82,34900
1041,2015-08-04,5.49,5.88,5.48,5.54,79000
1042,2015-08-03,5.79,6.05,5.34,5.4,35400
1043,2015-07-31,6.01,6.1,5.44,5.88,139500
1044,2015-07-30,5.39,5.59,5.35,5.43,39600
1045,2015-07-29,5.79,5.82,5.23,5.34,115300
1046,2015-07-28,5.98,5.98,5.71,5.77,42800
1047,2015-07-27,6.11,6.15,5.89,5.95,50600
1048,2015-07-24,6.37,6.37,6.13,6.16,43300
1049,2015-07-23,6.62,6.62,6.35,6.36,15900
1050,2015-07-22,6.41,6.84,6.35,6.55,26700
1051,2015-07-21,6.46,6.46,6.3196,6.42,13500
1052,2015-07-20,6.47,6.49,6.41,6.43,10000
1053,2015-07-17,6.33,6.52,6.25,6.52,33600
1054,2015-07-16,6.44,6.49,6.25,6.38,41200
1055,2015-07-15,6.54,6.55,6.31,6.36,24600
1056,2015-07-14,6.51,6.61,6.4,6.52,38500
1057,2015-07-13,6.41,6.5,6.35,6.43,16400
1058,2015-07-10,6.61,6.61,6.22,6.33,28800
1059,2015-07-09,6.4,6.52,6.32,6.46,17800
1060,2015-07-08,6.44,6.49,6.36,6.38,38100
1061,2015-07-07,6.59,6.59,6.4,6.47,37500
1062,2015-07-06,6.45,6.5801,6.45,6.45,20500
1063,2015-07-02,6.72,6.7508,6.45,6.47,29100
1064,2015-07-01,6.88,6.88,6.63,6.69,32400
1065,2015-06-30,6.9702,6.97,6.68,6.81,22600
1066,2015-06-29,7.37,7.49,6.86,6.91,31100
1067,2015-06-26,7.09,7.34,6.825,7.34,181400
1068,2015-06-25,7.0997,7.15,7.0,7.06,39000
1069,2015-06-24,6.98,7.15,6.91,7.05,45100
1070,2015-06-23,6.78,7.04,6.7,7.04,30100
1071,2015-06-22,6.74,6.81,6.6,6.75,80800
1072,2015-06-19,6.57,6.75,6.5,6.7,50100
1073,2015-06-18,6.65,6.65,6.45,6.5,48600
1074,2015-06-17,6.63,6.68,6.6,6.6,10900
1075,2015-06-16,6.65,6.69,6.6,6.6,14800
1076,2015-06-15,6.6201,6.66,6.57,6.62,149400
1077,2015-06-12,6.58,6.7003,6.58,6.63,9300
1078,2015-06-11,6.75,6.75,6.56,6.56,47900
1079,2015-06-10,6.72,6.87,6.69,6.7,133500
1080,2015-06-09,6.88,6.88,6.6,6.68,73100
1081,2015-06-08,6.72,6.92,6.67,6.88,16000
1082,2015-06-05,6.87,7.01,6.7499,6.81,46700
1083,2015-06-04,6.89,7.06,6.81,6.86,14800
1084,2015-06-03,6.9,6.96,6.77,6.95,18600
1085,2015-06-02,6.87,7.038,6.7,6.87,103800
1086,2015-06-01,6.82,6.91,6.76,6.88,51500
1087,2015-05-29,6.84,6.92,6.72,6.76,35700
1088,2015-05-28,6.92,6.92,6.81,6.87,6400
1089,2015-05-27,6.93,7.0302,6.93,6.93,6700
1090,2015-05-26,6.91,7.06,6.9,6.9,8800
1091,2015-05-22,7.0,7.103,6.9,6.9,14400
1092,2015-05-21,6.94,7.15,6.758,6.98,20000
1093,2015-05-20,6.9796,7.0,6.78,7.0,524200
1094,2015-05-19,6.93,7.0,6.75,6.99,43600
1095,2015-05-18,7.21,7.21,6.7,6.97,68900
1096,2015-05-15,7.59,7.59,7.2,7.25,13300
1097,2015-05-14,7.602,7.602,7.27,7.39,29300
1098,2015-05-13,7.5,7.62,7.28,7.62,30100
1099,2015-05-12,7.65,7.65,7.26,7.45,14800
1100,2015-05-11,7.41,7.63,7.41,7.6,13600
1101,2015-05-08,7.5398,7.59,7.402,7.42,10900
1102,2015-05-07,7.58,7.58,7.21,7.51,16700
1103,2015-05-06,7.66,7.66,7.39,7.53,6000
1104,2015-05-05,7.42,7.73,7.21,7.6,92800
1105,2015-05-04,7.45,7.586,7.45,7.5,46000
1106,2015-05-01,7.36,7.52,7.3,7.415,23000
1107,2015-04-30,7.27,7.42,7.25,7.345,25600
1108,2015-04-29,7.41,7.4375,7.27,7.27,15100
1109,2015-04-28,7.37,7.429,7.3,7.38,16800
1110,2015-04-27,7.58,7.66,7.32,7.36,19000
1111,2015-04-24,7.56,7.618,7.46,7.53,23600
1112,2015-04-23,7.45,7.63,7.45,7.525,45000
1113,2015-04-22,7.67,7.71,7.38,7.48,32400
1114,2015-04-21,7.7,7.735,7.6,7.62,19200
1115,2015-04-20,7.76,7.83,7.65,7.7,17200
1116,2015-04-17,7.83,7.83,7.62,7.75,27200
1117,2015-04-16,7.53,7.82,7.53,7.75,44400
1118,2015-04-15,7.68,7.8,7.68,7.74,16000
1119,2015-04-14,7.78,7.88,7.6,7.64,22000
1120,2015-04-13,7.6,7.84,7.57,7.74,22400
1121,2015-04-10,7.52,7.59,7.37,7.57,38100
1122,2015-04-09,7.3,7.61,7.3,7.49,23400
1123,2015-04-08,6.95,7.44,6.95,7.34,39300
1124,2015-04-07,6.78,6.99,6.75,6.92,928700
1125,2015-04-06,6.93,6.94,6.76,6.79,194600
1126,2015-04-02,6.98,7.01,6.87,6.95,11400
1127,2015-04-01,7.04,7.066,6.8498,7.01,22800
1128,2015-03-31,6.932,7.1,6.87,7.08,103700
1129,2015-03-30,7.03,7.099,6.95,6.99,34000
1130,2015-03-27,6.74,7.0496,6.74,6.97,75400
1131,2015-03-26,6.81,6.95,6.62,6.62,51200
1132,2015-03-25,7.19,7.27,6.8,6.8,75100
1133,2015-03-24,6.96,7.08,6.92,6.97,106500
1134,2015-03-23,6.89,6.96,6.89,6.95,26400
1135,2015-03-20,6.94,7.0,6.92,6.93,53700
1136,2015-03-19,6.85,7.05,6.85,6.9,24300
1137,2015-03-18,7.07,7.09,6.79,6.98,17500
1138,2015-03-17,7.0,7.16,6.796,7.05,18700
1139,2015-03-16,7.08,7.1098,6.97,7.0,24800
1140,2015-03-13,7.11,7.4,6.9,7.03,21200
1141,2015-03-12,7.07,7.13,6.97,7.13,7000
1142,2015-03-11,7.37,7.37,6.9,7.02,23500
1143,2015-03-10,7.44,7.54,7.15,7.16,25800
1144,2015-03-09,7.29,7.6,7.2883,7.43,13800
1145,2015-03-06,7.27,7.31,7.1495,7.31,15400
1146,2015-03-05,7.32,7.4,7.13,7.23,51700
1147,2015-03-04,7.17,7.23,7.1,7.16,24100
1148,2015-03-03,7.07,7.28,7.06,7.15,36200
1149,2015-03-02,7.3,7.38,6.9803,7.1,42400
1150,2015-02-27,7.0,7.46,6.56,7.15,570600
1151,2015-02-26,7.22,7.22,6.72,6.8,222900
1152,2015-02-25,7.6,7.77,7.0,7.22,178600
1153,2015-02-24,7.99,8.322,7.55,7.55,121200
1154,2015-02-23,8.0,8.18,7.9,7.97,100600
1155,2015-02-20,8.15,8.55,8.01,8.01,17900
1156,2015-02-19,8.18,8.213,8.1,8.11,16700
1157,2015-02-18,8.15,8.3198,8.1,8.18,46500
1158,2015-02-17,8.19,8.19,8.1,8.18,8100
1159,2015-02-13,8.26,8.32,8.04,8.19,78600
1160,2015-02-12,8.425,8.4498,8.18,8.22,6400
1161,2015-02-11,8.26,8.3,8.1,8.23,78800
1162,2015-02-10,8.21,8.4,8.11,8.17,14800
1163,2015-02-09,8.3,8.846,8.0204,8.2,47600
1164,2015-02-06,8.11,8.36,8.0,8.26,47300
1165,2015-02-05,7.96,8.17,7.9202,8.08,27600
1166,2015-02-04,8.16,8.37,7.92,7.98,38100
1167,2015-02-03,8.06,8.15,7.9,7.98,27200
1168,2015-02-02,8.26,8.2591,7.875,8.02,67700
1169,2015-01-30,8.06,8.21,8.04,8.04,19200
1170,2015-01-29,8.11,8.2,8.03,8.07,16600
1171,2015-01-28,8.16,8.24,8.06,8.13,55600
1172,2015-01-27,8.06,8.44,8.0,8.16,43600
1173,2015-01-26,8.24,8.507,8.01,8.11,17900
1174,2015-01-23,8.37,8.69,8.03,8.22,46900
1175,2015-01-22,8.38,8.44,8.191,8.25,39200
1176,2015-01-21,8.51,8.55,8.16,8.31,27900
1177,2015-01-20,8.73,8.97,8.4394,8.44,86500
1178,2015-01-16,9.1,9.1301,8.25,8.7,96500
1179,2015-01-15,9.59,9.7,9.05,9.08,62100
1180,2015-01-14,9.68,9.77,9.41,9.44,28100
1181,2015-01-13,9.88,9.95,9.61,9.75,205200
1182,2015-01-12,9.85,9.98,9.76,9.79,23500
1183,2015-01-09,9.94,9.94,9.646,9.79,17900
1184,2015-01-08,10.04,10.04,9.76,9.9,43600
1185,2015-01-07,9.84,9.94,9.72,9.9,37600
1186,2015-01-06,9.94,9.99,9.68,9.8,39200
1187,2015-01-05,9.87,10.0,9.62,9.91,29200
1188,2015-01-02,9.96,9.96,9.53,9.86,35000
1189,2014-12-31,9.91,9.94,9.75,9.85,111500
1190,2014-12-30,9.8794,10.04,9.83,9.91,32500
1191,2014-12-29,9.66,9.84,9.61,9.81,50200
1192,2014-12-26,9.89,10.039,9.65,9.7,25000
1193,2014-12-24,9.93,10.02,9.77,9.84,56500
1194,2014-12-23,9.84,10.02,9.76,9.9,119000
1195,2014-12-22,10.11,10.13,9.56,9.76,76800
1196,2014-12-19,9.74,10.02,9.67,10.02,331900
1197,2014-12-18,8.97,9.69,8.94,9.6,212400
1198,2014-12-17,8.86,9.05,8.716,8.9,63900
1199,2014-12-16,8.9,8.9699,8.72,8.87,24600
1200,2014-12-15,8.65,8.97,8.65,8.96,24500
1201,2014-12-12,8.91,8.9109,8.62,8.71,8100
1202,2014-12-11,8.99,8.99,8.58,8.88,187700
1203,2014-12-10,9.1,9.25,8.75,8.97,161000
1204,2014-12-09,8.74,9.21,8.5604,9.08,62500
1205,2014-12-08,8.81,8.8413,8.66,8.79,41900
1206,2014-12-05,8.65,8.99,8.57,8.9,42500
1207,2014-12-04,8.68,8.69,8.45,8.65,35300
1208,2014-12-03,8.55,8.72,8.495,8.68,63900
1209,2014-12-02,8.19,8.7,8.19,8.54,173500
1210,2014-12-01,8.09,8.22,8.05,8.18,140900
1211,2014-11-28,8.15,8.17,8.01,8.05,17200
1212,2014-11-26,8.15,8.2,7.98,8.14,45200
1213,2014-11-25,7.95,8.16,7.9,8.0,194500
1214,2014-11-24,7.85,7.98,7.7,7.75,125700
1215,2014-11-21,7.79,7.9,7.75,7.81,100700
1216,2014-11-20,7.9401,8.08,7.69,7.81,105700
1217,2014-11-19,8.27,8.27,7.83,8.0,234500
1218,2014-11-18,8.47,8.4998,8.19,8.31,328300
1219,2014-11-17,8.411,8.58,8.3,8.43,104400
1220,2014-11-14,8.48,8.655,8.23,8.42,107200
1221,2014-11-13,8.5,8.89,8.35,8.51,134300
1222,2014-11-12,8.47,8.83,8.35,8.48,104700
1223,2014-11-11,8.53,8.68,8.24,8.52,312100
1224,2014-11-10,8.69,8.78,8.04,8.51,281000
1225,2014-11-07,8.72,8.74,8.65,8.66,30400
1226,2014-11-06,8.8,9.03,8.65,8.69,21800
1227,2014-11-05,8.89,8.905,8.75,8.77,39100
1228,2014-11-04,8.91,8.92,8.84,8.84,54400
1229,2014-11-03,8.77,8.94,8.71,8.84,51800
1230,2014-10-31,8.78,8.9,8.68,8.8,42400
1231,2014-10-30,8.82,8.86,8.7,8.74,30800
1232,2014-10-29,8.83,9.13,8.82,8.84,71800
1233,2014-10-28,8.72,9.03,8.6,8.85,67900
1234,2014-10-27,8.7,8.764,8.61,8.7,25200
1235,2014-10-24,8.81,8.84,8.67,8.74,90600
1236,2014-10-23,8.68,8.9,8.65,8.81,48100
1237,2014-10-22,8.96,8.98,8.55,8.69,57000
1238,2014-10-21,8.81,9.15,8.81,8.92,26900
1239,2014-10-20,8.89,8.9,8.55,8.8,109600
1240,2014-10-17,9.02,9.02,8.85,8.93,12700
1241,2014-10-16,8.68,9.0,8.6,8.95,34400
1242,2014-10-15,8.86,8.98,8.77,8.77,58700
1243,2014-10-14,8.91,9.28,8.91,8.94,138900
1244,2014-10-13,8.95,9.12,8.75,8.81,60200
1245,2014-10-10,9.1696,9.2,9.0,9.04,75500
1246,2014-10-09,9.39,9.39,9.02,9.15,97200
1247,2014-10-08,9.92,9.92,8.75,9.47,323600
1248,2014-10-07,10.02,10.02,9.85,9.95,13700
1249,2014-10-06,10.07,10.23,10.015,10.04,12900
1250,2014-10-03,10.0,10.11,10.0,10.02,24600
1251,2014-10-02,10.09,10.1,9.87,9.99,105400
1252,2014-10-01,10.25,10.37,10.1,10.12,35300
1253,2014-09-30,10.53,10.54,10.21,10.35,89300
1254,2014-09-29,10.59,10.59,10.4691,10.5,74400
1255,2014-09-26,10.59,10.66,10.513,10.61,29800
1256,2014-09-25,10.604,10.66,10.468,10.58,6900
1257,2014-09-24,10.59,10.71,10.55,10.69,10100
1258,2014-09-23,10.55,10.69,10.5,10.52,15500
1259,2014-09-22,10.53,10.56,10.39,10.55,33500
1260,2014-09-19,10.86,10.94,10.39,10.5,272400
1261,2014-09-18,10.6,10.9394,10.58,10.83,269800
1262,2014-09-17,10.53,10.61,10.475,10.57,46600
1263,2014-09-16,10.58,10.64,10.5,10.54,46700
1264,2014-09-15,10.63,10.67,10.42,10.51,199100
1265,2014-09-12,10.75,10.87,10.62,10.7,87700
1266,2014-09-11,10.85,10.95,10.65,10.71,105000
1267,2014-09-10,10.95,11.0,10.88,10.88,183000
1268,2014-09-09,10.851,10.99,10.851,10.95,167100
1269,2014-09-08,10.62,11.0,10.61,10.88,130100
1270,2014-09-05,10.51,10.7194,10.51,10.66,83200
1271,2014-09-04,10.56,10.71,10.51,10.6,540400
1272,2014-09-03,10.6,10.62,10.5487,10.56,57900
1273,2014-09-02,10.6,10.64,10.501,10.59,57200
1274,2014-08-29,10.51,10.6,10.5008,10.55,13800
1275,2014-08-28,10.59,10.6,10.5,10.53,195300
1276,2014-08-27,10.59,10.6,10.5,10.54,36500
1277,2014-08-26,10.6,10.7,10.495,10.57,91600
1278,2014-08-25,10.45,10.64,10.4,10.58,262300
1279,2014-08-22,10.5,10.599,10.2496,10.3,109400
1280,2014-08-21,10.34,10.55,10.12,10.26,108100
1281,2014-08-20,10.14,10.15,10.0796,10.12,12200
1282,2014-08-19,10.14,10.16,10.0,10.05,26700
1283,2014-08-18,10.07,10.15,9.82,10.14,5700
1284,2014-08-15,10.03,10.1,9.88,10.02,36900
1285,2014-08-14,10.11,10.17,10.05,10.15,9000
1286,2014-08-13,10.15,10.2,10.1,10.17,14200
1287,2014-08-12,10.05,10.15,10.01,10.15,17500
1288,2014-08-11,10.05,10.1,10.0,10.06,3700
1289,2014-08-08,10.02,10.13,10.0,10.05,28800
1290,2014-08-07,9.98,10.07,9.98,10.04,3200
1291,2014-08-06,10.3,10.3,9.845,10.04,94000
1292,2014-08-05,10.24,10.25,10.11,10.18,15900
1293,2014-08-04,10.5003,10.5,10.18,10.34,12900
1294,2014-08-01,10.51,10.51,10.2498,10.41,170700
1295,2014-07-31,10.5,10.6003,10.4,10.43,28200
1296,2014-07-30,10.62,10.62,10.5,10.54,29800
1297,2014-07-29,10.65,10.65,10.5503,10.59,34100
1298,2014-07-28,10.65,10.679,10.6,10.64,6800
1299,2014-07-25,10.6,10.7,10.6,10.66,16800
1300,2014-07-24,10.7,10.7001,10.6,10.6,9600
1301,2014-07-23,10.7,10.7,10.61,10.63,14700
1302,2014-07-22,10.6997,10.71,10.62,10.7,48600
1303,2014-07-21,10.7,10.7,10.6,10.62,52800
1304,2014-07-18,10.64,10.6509,10.6,10.6,93400
1305,2014-07-17,10.58,10.6,10.48,10.55,138400
1306,2014-07-16,10.58,10.74,10.32,10.46,271200
1307,2014-07-15,10.36,10.43,10.32,10.37,13000
1308,2014-07-14,10.5,10.54,10.35,10.54,1700
1309,2014-07-11,10.4,10.48,10.4,10.48,20300
1310,2014-07-10,10.47,10.5,10.2882,10.4,105400
1311,2014-07-09,10.68,10.68,10.45,10.55,367100
1312,2014-07-08,10.5,10.604,10.5,10.6,87600
1313,2014-07-07,10.75,10.8,10.5,10.62,68200
1314,2014-07-03,10.59,10.75,10.59,10.73,320700
1315,2014-07-02,10.95,10.95,10.55,10.55,21100
1316,2014-07-01,10.95,10.95,10.55,10.85,30300
1317,2014-06-30,10.56,10.8,10.4,10.49,159100
1318,2014-06-27,10.3995,10.69,10.22,10.52,591400
1319,2014-06-26,10.78,10.78,10.21,10.3,353700
1320,2014-06-25,10.28,11.1603,10.22,11.16,334800
1321,2014-06-24,10.2605,10.33,10.198,10.27,2125000
1322,2014-06-23,10.1993,10.28,10.2,10.28,529300
1323,2014-06-20,10.24,10.27,10.24,10.24,165100
1324,2014-06-19,10.25,10.25,10.24,10.25,429100
1325,2014-06-18,10.26,10.28,10.2406,10.25,84200
1326,2014-06-17,10.27,10.27,10.17,10.17,164900
1327,2014-06-16,10.165,10.28,10.165,10.26,206200
1328,2014-06-13,10.25,10.26,10.2,10.26,198900
1329,2014-06-12,10.25,10.25,10.15,10.23,511700
1330,2014-06-11,10.26,10.26,10.16,10.25,212800
1331,2014-06-10,10.27,10.2705,10.12,10.26,76600
1332,2014-06-09,10.29,10.29,10.1,10.1,289500
1333,2014-06-06,10.29,10.29,10.18,10.29,2157600
1334,2014-06-05,10.26,10.3,10.22,10.28,2305600
1335,2014-06-04,10.2,10.232,10.1,10.1,1513600
1336,2014-06-03,10.25,10.26,10.2,10.25,116400
1337,2014-06-02,10.25,10.25,10.24,10.24,1800
1338,2014-05-30,10.25,10.3,10.24,10.26,104400
1339,2014-05-29,10.27,10.27,10.27,10.27,0
1340,2014-05-28,10.27,10.27,10.27,10.27,0
1341,2014-05-27,10.25,10.3,10.25,10.269,54300
1342,2014-05-23,10.24,10.24,10.1711,10.17,6500
1343,2014-05-22,10.2298,10.23,10.23,10.23,200
1344,2014-05-21,10.12,10.12,10.12,10.12,0
1345,2014-05-20,10.1104,10.12,10.11,10.12,200
1346,2014-05-19,10.1,10.1,10.1,10.1,200
1347,2014-05-16,10.35,10.35,10.35,10.35,0
1348,2014-05-15,10.25,10.35,10.25,10.35,301200
1349,2014-05-14,10.11,10.11,10.11,10.11,0
1350,2014-05-13,10.11,10.11,10.11,10.11,0
1351,2014-05-12,10.11,10.11,10.11,10.11,0
1352,2014-05-09,10.11,10.11,10.11,10.11,100
1353,2014-05-08,10.1,10.2,10.1,10.2,1100
1354,2014-05-07,10.4,10.4,10.4,10.4,2700
1355,2014-05-06,10.14,10.14,10.14,10.14,0
1356,2014-05-05,10.14,10.14,10.14,10.14,0
1357,2014-05-02,10.14,10.14,10.14,10.14,300
1358,2014-05-01,10.16,10.16,10.16,10.16,0
1359,2014-04-30,10.18,10.18,10.16,10.16,2700
1360,2014-04-29,10.25,10.25,10.25,10.25,0
1361,2014-04-28,10.25,10.25,10.25,10.25,0
1362,2014-04-25,10.29,10.29,10.2501,10.25,500
1363,2014-04-24,10.16,10.16,10.16,10.16,0
1364,2014-04-23,10.16,10.16,10.16,10.16,0
1365,2014-04-22,10.17,10.17,10.16,10.16,8800
1366,2014-04-21,10.16,10.16,10.16,10.16,0
1367,2014-04-17,10.21,10.29,10.15,10.165,7900
1368,2014-04-16,10.25,10.25,10.162,10.22,10600
1369,2014-04-15,10.3,10.3,10.1501,10.17,2500
1370,2014-04-14,10.25,10.25,10.15,10.21,14800
1371,2014-04-11,10.1908,10.3,10.15,10.22,19800
1372,2014-04-10,10.2,10.25,10.18,10.25,7700
1373,2014-04-09,10.18,10.25,10.17,10.25,12100
1374,2014-04-08,10.19,10.28,10.16,10.17,142200
1375,2014-04-07,10.15,10.4,10.15,10.19,141100
1376,2014-04-04,10.19,10.23,10.18,10.19,50800
1377,2014-04-03,10.25,10.26,10.24,10.26,26100
1378,2014-04-02,10.229,10.3006,10.229,10.25,6400
1379,2014-04-01,10.24,10.24,10.23,10.23,7800
1380,2014-03-31,10.29,10.29,10.29,10.29,0
1381,2014-03-28,10.499,10.499,10.2899,10.29,1500
1382,2014-03-27,10.229,10.23,10.229,10.23,18100
1383,2014-03-26,10.17,10.315,10.1695,10.23,19300
1384,2014-03-25,10.24,10.24,10.24,10.24,0
1385,2014-03-24,10.25,10.25,10.17,10.24,494200
1386,2014-03-21,10.24,10.24,10.24,10.24,0
1387,2014-03-20,10.24,10.24,10.24,10.24,100
1388,2014-03-19,10.22,10.22,10.22,10.22,0
1389,2014-03-18,10.49,10.49,10.22,10.22,8100
1390,2014-03-17,10.5,10.6,10.15,10.15,19600
1391,2014-03-14,10.11,10.11,10.01,10.04,1700
1392,2014-03-13,10.05,10.05,10.05,10.05,1000
1393,2014-03-12,10.1,10.1,10.0142,10.02,500
1394,2014-03-11,10.09,10.21,10.0,10.0,1157000
1395,2014-03-10,10.09,10.09,10.09,10.09,0
1396,2014-03-07,10.09,10.09,10.09,10.09,0
1397,2014-03-06,10.01,10.09,10.0,10.09,3000
1398,2014-03-05,10.08,10.08,10.08,10.08,0
1399,2014-03-04,12.0,12.0,10.06,10.08,7600
1400,2014-03-03,10.1,10.1,10.0995,10.1,7100
1401,2014-02-28,10.1,10.1,10.03,10.1,7200
1402,2014-02-27,10.1,10.1,10.1,10.1,0
1403,2014-02-26,10.05,10.1,10.05,10.1,13000
1404,2014-02-25,10.0498,10.06,9.96,10.03,20400
1405,2014-02-24,9.98,10.05,9.98,9.99,5000
1406,2014-02-21,10.0,10.0,10.0,10.0,0
1407,2014-02-20,10.01,10.01,10.0,10.0,500
1408,2014-02-19,10.04,10.04,10.04,10.04,0
1409,2014-02-18,10.042,10.042,10.035,10.035,500
1410,2014-02-14,10.02,10.02,10.02,10.02,0
1411,2014-02-13,10.04,10.05,10.02,10.02,400
1412,2014-02-12,10.0,10.05,10.0,10.018,900
1413,2014-02-11,10.0503,10.056,10.0,10.056,1600
1414,2014-02-10,10.06,10.15,10.0,10.035,8500
1415,2014-02-07,10.1,10.1,10.1,10.1,200
1416,2014-02-06,9.92,10.05,9.92,10.02,7700
1417,2014-02-05,10.32,10.32,10.0,10.18,7900
1418,2014-02-04,10.6,10.7993,9.98,10.03,4600
1419,2014-02-03,10.36,10.4413,10.02,10.06,258400
1420,2014-01-31,10.0,10.1,9.93,10.0,84000
1421,2014-01-30,10.03,10.05,9.97,10.05,1200
1422,2014-01-29,9.98,10.1,9.93,10.1,38400
1423,2014-01-28,10.0,10.1,9.96,10.1,59300
1424,2014-01-27,9.99,10.03,9.98,10.0,7500
1425,2014-01-24,10.01,10.1,10.01,10.01,4000
1426,2014-01-23,9.96,10.05,9.91,9.99,3100
1427,2014-01-22,9.96,10.0,9.93,9.93,1700
1428,2014-01-21,9.96,10.01,9.88,9.98,35200
1429,2014-01-17,9.85,10.05,9.85,10.03,14100
1430,2014-01-16,9.98,10.05,9.92,9.95,142000
1431,2014-01-15,10.1,10.1,10.1,10.1,0
1432,2014-01-14,10.1,10.1,10.1,10.1,0
1433,2014-01-13,10.1,10.1,10.1,10.1,0
1434,2014-01-10,10.1,10.1,10.1,10.1,0
1435,2014-01-09,10.1,10.1,10.1,10.1,0
1436,2014-01-08,10.1,10.1,10.1,10.1,0
1437,2014-01-07,10.1,10.1,10.1,10.1,0
1438,2014-01-06,10.1,10.1,10.1,10.1,0
1439,2014-01-03,10.1,10.1,10.1,10.1,0
1440,2014-01-02,10.1,10.1,10.1,10.1,0
1441,2013-12-31,10.1,10.1,10.0997,10.1,25000
1442,2013-12-30,10.15,10.15,10.15,10.15,0
1443,2013-12-27,10.15,10.15,10.15,10.15,0
1444,2013-12-26,9.92,10.15,9.92,10.15,43400
1445,2013-12-24,10.5,10.5,10.5,10.5,0
1446,2013-12-23,10.5,10.5,10.5,10.5,0
1447,2013-12-20,10.5,10.5,10.5,10.5,0
1448,2013-12-19,10.5,10.5,10.5,10.5,0
1449,2013-12-18,10.5,10.5,10.5,10.5,0
1450,2013-12-17,10.5,10.5,10.5,10.5,0
1451,2013-12-16,10.5,10.5,10.5,10.5,0
1452,2013-12-13,10.5,10.5,10.5,10.5,0
1453,2013-12-12,10.5,10.5,10.5,10.5,0
1454,2013-12-11,10.5,10.5,10.5,10.5,0
1455,2013-12-10,10.5,10.5,10.5,10.5,0
1456,2013-12-09,10.5,10.5,10.5,10.5,0
1457,2013-12-06,10.5,10.5,10.5,10.5,0
1458,2013-12-05,10.5,10.5,10.5,10.5,0
1459,2013-12-04,10.5,10.5,10.5,10.5,0
1460,2013-12-03,10.5,10.5,10.5,10.5,0
1461,2013-12-02,10.5,10.5,10.5,10.5,0
1462,2013-11-29,10.5,10.5,10.5,10.5,0
1463,2013-11-27,10.5,10.5,10.5,10.5,0
1464,2013-11-26,10.5,10.5,10.5,10.5,0
1465,2013-11-25,10.5,10.5,10.5,10.5,0
1466,2013-11-22,10.5,10.5,10.5,10.5,0
1467,2013-11-21,10.5,10.5,10.5,10.5,0
1468,2013-11-20,10.5,10.5,10.5,10.5,0
1469,2013-11-19,10.5,10.5,10.5,10.5,0
1470,2013-11-18,10.5,10.5,10.5,10.5,0
1471,2013-11-15,10.5,10.5,10.5,10.5,0
1472,2013-11-14,10.5,10.5,10.5,10.5,0
1473,2013-11-13,10.5,10.5,10.5,10.5,200
1474,2013-11-12,9.87,9.87,9.86,9.86,3200
1475,2013-11-11,10.0,10.0,10.0,10.0,0
1476,2013-11-08,10.0,10.0,10.0,10.0,0
1477,2013-11-07,10.0,10.0,10.0,10.0,1000
1478,2013-11-06,9.31,9.9,9.31,9.9,1100
1479,2013-11-05,10.0,10.0,10.0,10.0,0
1480,2013-11-04,10.0,10.0,10.0,10.0,100
1481,2013-11-01,9.9,9.9,9.9,9.9,0
1482,2013-10-31,9.9,9.9,9.9,9.9,0
1483,2013-10-30,9.9,9.9,9.9,9.9,1500
1484,2013-10-29,9.9,9.9,9.9,9.9,0
1485,2013-10-28,9.9,9.9,9.9,9.9,0
1486,2013-10-25,9.9,9.9,9.9,9.9,0
1487,2013-10-24,9.9,9.9,9.9,9.9,0
1488,2013-10-23,9.9,9.9,9.9,9.9,0
1489,2013-10-22,9.71,9.9,9.71,9.9,300
1490,2013-10-21,9.9,9.9,9.9,9.9,100
1491,2013-10-18,10.0,9.9993,9.9,9.9,500
